Tweet ID,Tweet URL,Tweet Type,Media Type,Media URL,Media Alt Text
1589314314191523840,https://twitter.com/SBF_FTX/status/1589314314191523840,Tweet,photo,https://pbs.twimg.com/media/Fg5fYLuWIAEdlea.png,""
1589276454818570241,https://twitter.com/SBF_FTX/status/1589276454818570241,Tweet,photo,https://pbs.twimg.com/media/Fg4-cWpWYAA8vx_.png,""
1589004664359440385,https://twitter.com/SBF_FTX/status/1589004664359440385,Reply,photo,https://pbs.twimg.com/media/Fg1HTl3XwAAAVph.png,""
1588349245974667265,https://twitter.com/SBF_FTX/status/1588349245974667265,Reply,photo,https://pbs.twimg.com/media/Fgrv5AaWYAYSXZh.jpg,""
1588294130819555335,https://twitter.com/SBF_FTX/status/1588294130819555335,Reply,photo,https://pbs.twimg.com/media/FgrBAyuXgAQ_MFL.jpg,""
1588293784068132865,https://twitter.com/SBF_FTX/status/1588293784068132865,Quote,photo,https://pbs.twimg.com/media/FgrAuAyXEAE_jK5.jpg,""
1588273481627865088,https://twitter.com/SBF_FTX/status/1588273481627865088,Tweet,photo,https://pbs.twimg.com/media/FgquBUXWYAEILek.jpg,""
1588271713439170560,https://twitter.com/SBF_FTX/status/1588271713439170560,Retweet,photo,https://pbs.twimg.com/media/Fgqj284aEAAQN8x.jpg,""
1587964947505496066,https://twitter.com/SBF_FTX/status/1587964947505496066,Retweet,video,https://video.twimg.com/ext_tw_video/1587932266763878401/pu/vid/480x270/Sy5hnSk9v68FLc7J.mp4?tag=14,""
1587853333687144448,https://twitter.com/SBF_FTX/status/1587853333687144448,Tweet,photo,https://pbs.twimg.com/media/FgkwLUWWYAAC1oM.jpg,""
1587539907530178561,https://twitter.com/SBF_FTX/status/1587539907530178561,Retweet,photo,https://pbs.twimg.com/media/Fgf_jAUWYAAs-bX.jpg,""
1587531761059348480,https://twitter.com/SBF_FTX/status/1587531761059348480,Retweet,photo,https://pbs.twimg.com/media/FggA-BQWIAM5q1R.jpg,""
1587489472379240448,https://twitter.com/SBF_FTX/status/1587489472379240448,Retweet,video,https://video.twimg.com/ext_tw_video/1586673075722002432/pu/vid/1280x720/2EUqovbYk8TRojWD.mp4?tag=12,""
1587441929981140992,https://twitter.com/SBF_FTX/status/1587441929981140992,Quote,photo,https://pbs.twimg.com/media/Fge5_3CXgAAZR24.png,""
1587244593296310273,https://twitter.com/SBF_FTX/status/1587244593296310273,Tweet,photo,https://pbs.twimg.com/media/Fgb6KuvWQAAEywx.jpg,""
1587244593296310273,https://twitter.com/SBF_FTX/status/1587244593296310273,Tweet,photo,https://pbs.twimg.com/media/FgcGJTvXgAAxmd7.jpg,""
1587244593296310273,https://twitter.com/SBF_FTX/status/1587244593296310273,Tweet,photo,https://pbs.twimg.com/media/FgcGZVjX0AA8PXE.png,""
1587145542970343432,https://twitter.com/SBF_FTX/status/1587145542970343432,Retweet,photo,https://pbs.twimg.com/media/FgaY09NaAAACQIv.jpg,""
1587145303177809922,https://twitter.com/SBF_FTX/status/1587145303177809922,Retweet,video,https://video.twimg.com/ext_tw_video/1587088373856014343/pu/vid/1280x720/Z5Cwn6JvPqyT4Frl.mp4?tag=12,""
1587080196292837376,https://twitter.com/SBF_FTX/status/1587080196292837376,Tweet,photo,https://pbs.twimg.com/media/FgZxAcbWQAAMCcf.jpg,""
1586492326477799425,https://twitter.com/SBF_FTX/status/1586492326477799425,Reply,photo,https://pbs.twimg.com/media/FgRZFW4WAAAR3Zh.png,""
1586492313022234625,https://twitter.com/SBF_FTX/status/1586492313022234625,Reply,photo,https://pbs.twimg.com/media/FgRW6hNXgAAc_yY.png,""
1586492297902194688,https://twitter.com/SBF_FTX/status/1586492297902194688,Reply,photo,https://pbs.twimg.com/media/FgRUpRBXwAIC9gM.jpg,""
1586492288707993601,https://twitter.com/SBF_FTX/status/1586492288707993601,Reply,photo,https://pbs.twimg.com/media/FgRXMzqXEAANPxk.jpg,""
1586144552146317312,https://twitter.com/SBF_FTX/status/1586144552146317312,Retweet,photo,https://pbs.twimg.com/media/FgKWhf3WIAA9eud.jpg,""
1586032938587549696,https://twitter.com/SBF_FTX/status/1586032938587549696,Retweet,photo,https://pbs.twimg.com/media/FgKuwUoWYAIL6t5.jpg,""
1585954693448192000,https://twitter.com/SBF_FTX/status/1585954693448192000,Tweet,photo,https://pbs.twimg.com/media/FgJxIU9WQAAcqTM.jpg,""
1585877392660123648,https://twitter.com/SBF_FTX/status/1585877392660123648,Retweet,video,https://video.twimg.com/ext_tw_video/1585199143919570945/pu/vid/480x270/yWoY6yqqv3Y5SZw9.mp4?tag=12,""
1585877384191877120,https://twitter.com/SBF_FTX/status/1585877384191877120,Retweet,video,https://video.twimg.com/ext_tw_video/1585203858300538880/pu/vid/480x270/dLzkuam6M0J00Cvs.mp4?tag=12,""
1584882437636919296,https://twitter.com/SBF_FTX/status/1584882437636919296,Retweet,video,https://video.twimg.com/ext_tw_video/1584801818969792518/pu/vid/1280x720/4CfAOdpHHT5T0MY-.mp4?tag=12,""
1584882018558808066,https://twitter.com/SBF_FTX/status/1584882018558808066,Tweet,photo,https://pbs.twimg.com/media/Ff6hv88aYAIAjlS.png,""
1584307365373177856,https://twitter.com/SBF_FTX/status/1584307365373177856,Quote,photo,https://pbs.twimg.com/media/FfyXCsoaAAALC4u.png,""
1584095510318968833,https://twitter.com/SBF_FTX/status/1584095510318968833,Reply,video,https://video.twimg.com/ext_tw_video/1583149169086435328/pu/vid/1920x1080/5iM9rYcq90FL7O1c.mp4?tag=14,""
1584078570707877888,https://twitter.com/SBF_FTX/status/1584078570707877888,Tweet,photo,https://pbs.twimg.com/media/FfvG6DvaEAAq-27.png,""
1583534050689822723,https://twitter.com/SBF_FTX/status/1583534050689822723,Retweet,photo,https://pbs.twimg.com/media/FfjkgKPaAAExhgF.jpg,""
1583456167094730752,https://twitter.com/SBF_FTX/status/1583456167094730752,Tweet,photo,https://pbs.twimg.com/media/FfmQ4C5WQAAz2qf.png,""
1583162201636241410,https://twitter.com/SBF_FTX/status/1583162201636241410,Reply,photo,https://pbs.twimg.com/media/FfiFoRwWQA8-GlA.png,""
1583161676525731840,https://twitter.com/SBF_FTX/status/1583161676525731840,Reply,photo,https://pbs.twimg.com/media/FfiDx2mXwA09fVs.png,""
1583161668800245760,https://twitter.com/SBF_FTX/status/1583161668800245760,Reply,photo,https://pbs.twimg.com/media/FfiCE92XwBEnBgb.png,""
1583161668800245760,https://twitter.com/SBF_FTX/status/1583161668800245760,Reply,photo,https://pbs.twimg.com/media/FfiCbBtXwCANLEO.jpg,""
1583121358476939270,https://twitter.com/SBF_FTX/status/1583121358476939270,Tweet,photo,https://pbs.twimg.com/media/Ffhgc08XwAAOClV.jpg,""
1582037858222673921,https://twitter.com/SBF_FTX/status/1582037858222673921,Tweet,photo,https://pbs.twimg.com/media/FfSHA-hWIAEGUc5.jpg,""
1580170229430513666,https://twitter.com/SBF_FTX/status/1580170229430513666,Reply,photo,https://pbs.twimg.com/media/Fe3f6Q1WYAM9SRT.png,""
1580170203664904195,https://twitter.com/SBF_FTX/status/1580170203664904195,Tweet,photo,https://pbs.twimg.com/media/Fe3bCefWAAAo6fr.jpg,""
1579600794466529280,https://twitter.com/SBF_FTX/status/1579600794466529280,Reply,photo,https://pbs.twimg.com/media/FevbbvNX0AIlsJJ.jpg,""
1579504364338958337,https://twitter.com/SBF_FTX/status/1579504364338958337,Tweet,photo,https://pbs.twimg.com/media/FeuG08DWIAcN68i.jpg,""
1577073710078775296,https://twitter.com/SBF_FTX/status/1577073710078775296,Retweet,photo,https://pbs.twimg.com/media/FeKpwBGXwAAKhPw.jpg,""
1577073710078775296,https://twitter.com/SBF_FTX/status/1577073710078775296,Retweet,photo,https://pbs.twimg.com/media/FeKpwBHXgAMr3L4.jpg,""
1577073710078775296,https://twitter.com/SBF_FTX/status/1577073710078775296,Retweet,photo,https://pbs.twimg.com/media/FeKpwBHWAAkKpZQ.jpg,""
1577073684145008640,https://twitter.com/SBF_FTX/status/1577073684145008640,Retweet,video,https://video.twimg.com/ext_tw_video/1577001651302723584/pu/vid/1280x720/zA47a1-lVpm_oluR.mp4?tag=12,""
1576953478026391557,https://twitter.com/SBF_FTX/status/1576953478026391557,Tweet,photo,https://pbs.twimg.com/media/FeJ2CWSXwAIZy3t.jpg,""
1575539305174671360,https://twitter.com/SBF_FTX/status/1575539305174671360,Retweet,photo,https://pbs.twimg.com/media/Fd1m958XgAA36xD.jpg,""
1574519735303094272,https://twitter.com/SBF_FTX/status/1574519735303094272,Retweet,photo,https://pbs.twimg.com/media/Fdi76EjUUAAdyjS.jpg,""
1574485552182792192,https://twitter.com/SBF_FTX/status/1574485552182792192,Tweet,photo,https://pbs.twimg.com/media/FdmyM6FXEAAmHOJ.jpg,""
1574454560462344192,https://twitter.com/SBF_FTX/status/1574454560462344192,Retweet,photo,https://pbs.twimg.com/media/Fdl7A4oUUAA3Ios.jpg,""
1574208776361721856,https://twitter.com/SBF_FTX/status/1574208776361721856,Tweet,photo,https://pbs.twimg.com/media/Fdi2euOWQAAiAQJ.jpg,""
1574194926769917952,https://twitter.com/SBF_FTX/status/1574194926769917952,Retweet,photo,https://pbs.twimg.com/media/FdiJ9O_XwAE6jnD.jpg,""
1573494467872571397,https://twitter.com/SBF_FTX/status/1573494467872571397,Retweet,video,https://video.twimg.com/ext_tw_video/1573427105127358499/pu/vid/1280x720/4hcdTpJgxvjwxTHt.mp4?tag=12,""
1573358167983280128,https://twitter.com/SBF_FTX/status/1573358167983280128,Retweet,photo,https://pbs.twimg.com/media/FdWqpuWUoBM5r3e.jpg,""
1573358167983280128,https://twitter.com/SBF_FTX/status/1573358167983280128,Retweet,photo,https://pbs.twimg.com/media/FdWqrneUoAESFid.jpg,""
1573350441689255937,https://twitter.com/SBF_FTX/status/1573350441689255937,Retweet,video,https://video.twimg.com/ext_tw_video/1573310662616432641/pu/vid/640x360/9731wiACozS0m2d0.mp4?tag=12,""
1572680452049367040,https://twitter.com/SBF_FTX/status/1572680452049367040,Reply,video,https://video.twimg.com/ext_tw_video/1572680351864033283/pu/pl/fnO5ELRaMDpJ3Wys.m3u8?tag=12&container=fmp4,""
1571829612593782785,https://twitter.com/SBF_FTX/status/1571829612593782785,Tweet,photo,https://pbs.twimg.com/media/FdBCmWOWAAAmwGt.jpg,""
1571820956686995456,https://twitter.com/SBF_FTX/status/1571820956686995456,Retweet,photo,https://pbs.twimg.com/media/FdAb-9xWIAIN-1r.jpg,""
1570425995529682945,https://twitter.com/SBF_FTX/status/1570425995529682945,Retweet,video,https://video.twimg.com/ext_tw_video/1570401698115354625/pu/vid/640x360/WILeAEX-szvcYkLs.mp4?tag=12,""
1569685937411751937,https://twitter.com/SBF_FTX/status/1569685937411751937,Reply,photo,https://pbs.twimg.com/media/FcilCPkXkAA4hsI.jpg,""
1569398683048853504,https://twitter.com/SBF_FTX/status/1569398683048853504,Tweet,photo,https://pbs.twimg.com/media/Fcefv7kXkAQJoQM.jpg,""
1569393290025336839,https://twitter.com/SBF_FTX/status/1569393290025336839,Tweet,photo,https://pbs.twimg.com/media/FceaufeXwAYJyDE.jpg,""
1569168699629658113,https://twitter.com/SBF_FTX/status/1569168699629658113,Retweet,photo,https://pbs.twimg.com/media/FcWkVjhXgAEm7tg.jpg,""
1568341127635570689,https://twitter.com/SBF_FTX/status/1568341127635570689,Retweet,video,https://video.twimg.com/ext_tw_video/1567869051724091393/pu/vid/320x568/UNJG-o1lMWB976VQ.mp4?tag=12,""
1567887986632626177,https://twitter.com/SBF_FTX/status/1567887986632626177,Retweet,photo,https://pbs.twimg.com/media/FcIs6DvWAAA92sp.jpg,""
1566849084861865989,https://twitter.com/SBF_FTX/status/1566849084861865989,Retweet,photo,https://pbs.twimg.com/media/Fb6QUkNaAAAyZYj.jpg,""
1566687660718047233,https://twitter.com/SBF_FTX/status/1566687660718047233,Tweet,photo,https://pbs.twimg.com/media/Fb3-HYfX0AMTyUu.jpg,""
1566627528026071040,https://twitter.com/SBF_FTX/status/1566627528026071040,Retweet,photo,https://pbs.twimg.com/media/Fb2-ltSXkAElaps.jpg,""
1565821625228034051,https://twitter.com/SBF_FTX/status/1565821625228034051,Retweet,photo,https://pbs.twimg.com/media/FbrOGZhWYAEcZ0p.jpg,""
1565398151799906308,https://twitter.com/SBF_FTX/status/1565398151799906308,Retweet,photo,https://pbs.twimg.com/media/FbkmZyyWAAIxkyF.jpg,""
1564252079840960521,https://twitter.com/SBF_FTX/status/1564252079840960521,Retweet,video,https://video.twimg.com/ext_tw_video/1564250005829046274/pu/vid/640x360/S4uOuX6uo6KShzMz.mp4?tag=12,""
1564202883658256384,https://twitter.com/SBF_FTX/status/1564202883658256384,Reply,photo,https://pbs.twimg.com/media/FbUqOxWWIAIPCEZ.jpg,""
1564197955732738059,https://twitter.com/SBF_FTX/status/1564197955732738059,Tweet,photo,https://pbs.twimg.com/media/FbUlHNXXoAE2QjE.jpg,""
1562855504006696961,https://twitter.com/SBF_FTX/status/1562855504006696961,Tweet,photo,https://pbs.twimg.com/media/FbBgyD3XwAAq_U0.jpg,""
1562574227017912320,https://twitter.com/SBF_FTX/status/1562574227017912320,Tweet,photo,https://pbs.twimg.com/media/Fa9gpMfWQAARw5_.png,""
1562499620860985344,https://twitter.com/SBF_FTX/status/1562499620860985344,Retweet,photo,https://pbs.twimg.com/media/Fa8MV8fX0AA5ITR.jpg,""
1562298094116655104,https://twitter.com/SBF_FTX/status/1562298094116655104,Retweet,video,https://video.twimg.com/amplify_video/1562058539211771904/pl/DV3A7omTNJ25vS5D.m3u8?tag=14&container=fmp4,""
1562131126839398401,https://twitter.com/SBF_FTX/status/1562131126839398401,Tweet,video,https://video.twimg.com/ext_tw_video/1562131047311179777/pu/vid/480x270/dgItojdGrzcpWDTz.mp4?tag=12,""
1561966774848987137,https://twitter.com/SBF_FTX/status/1561966774848987137,Tweet,video,https://video.twimg.com/ext_tw_video/1561966696721678337/pu/vid/640x360/P2ZudiMU6JpM5S_H.mp4?tag=12,""
1561763102865121284,https://twitter.com/SBF_FTX/status/1561763102865121284,Retweet,photo,https://pbs.twimg.com/media/FaxJoLJXkAANyBz.jpg,""
1561485347317489665,https://twitter.com/SBF_FTX/status/1561485347317489665,Retweet,photo,https://pbs.twimg.com/media/FatRo5zXgAIEtFr.jpg,""
1561212168271548417,https://twitter.com/SBF_FTX/status/1561212168271548417,Tweet,photo,https://pbs.twimg.com/media/FaqKMEVXwAAzgB4.jpg,""
1560349764566368257,https://twitter.com/SBF_FTX/status/1560349764566368257,Retweet,video,https://video.twimg.com/ext_tw_video/1560333748633206785/pu/vid/480x270/j3NbpMZdiM0ayvY7.mp4?tag=12,""
1560134123930484736,https://twitter.com/SBF_FTX/status/1560134123930484736,Retweet,photo,https://pbs.twimg.com/media/FaYR-WVWQAEWwfv.jpg,""
1559564393712599047,https://twitter.com/SBF_FTX/status/1559564393712599047,Retweet,photo,https://pbs.twimg.com/media/FaSEeoqXEAUKEA0.png,""
1559562061197316097,https://twitter.com/SBF_FTX/status/1559562061197316097,Retweet,photo,https://pbs.twimg.com/media/FaPFpJtXoAEwTnK.jpg,""
1558845204651806730,https://twitter.com/SBF_FTX/status/1558845204651806730,Retweet,video,https://video.twimg.com/ext_tw_video/1558840433110929409/pu/vid/640x360/B8lr8HQLM2rz480s.mp4?tag=12,""
1558761986451718145,https://twitter.com/SBF_FTX/status/1558761986451718145,Quote,photo,https://pbs.twimg.com/media/FaHVngiX0AEzO48.jpg,""
1558761979862519808,https://twitter.com/SBF_FTX/status/1558761979862519808,Reply,photo,https://pbs.twimg.com/media/FaHUNFSXkAEierH.jpg,""
1558761976830070784,https://twitter.com/SBF_FTX/status/1558761976830070784,Reply,photo,https://pbs.twimg.com/media/FaHTKH1WQAEIx0d.jpg,""
1557855421444116482,https://twitter.com/SBF_FTX/status/1557855421444116482,Retweet,video,https://video.twimg.com/ext_tw_video/1557734993065291777/pu/pl/y13QyZzHNBX7QTMy.m3u8?tag=12&container=fmp4,""
1557434993705717760,https://twitter.com/SBF_FTX/status/1557434993705717760,Retweet,photo,https://pbs.twimg.com/media/FZzioLHWIAIryag.jpg,""
1557388321499774977,https://twitter.com/SBF_FTX/status/1557388321499774977,Retweet,photo,https://pbs.twimg.com/media/FZxHbQPWIAQzTIm.jpg,""
1557113351909646339,https://twitter.com/SBF_FTX/status/1557113351909646339,Reply,photo,https://pbs.twimg.com/media/FZv26F0XgAAXLbo.jpg,""
1557113348654878720,https://twitter.com/SBF_FTX/status/1557113348654878720,Reply,photo,https://pbs.twimg.com/media/FZv2fXZXkAAdzpj.jpg,""
1555310793951952897,https://twitter.com/SBF_FTX/status/1555310793951952897,Retweet,photo,https://pbs.twimg.com/media/FZVMmu_XEAc3hOk.jpg,""
1554961975762980865,https://twitter.com/SBF_FTX/status/1554961975762980865,Retweet,photo,https://pbs.twimg.com/media/FZQUVgoXwAEa__v.jpg,""
1554961184624988164,https://twitter.com/SBF_FTX/status/1554961184624988164,Quote,photo,https://pbs.twimg.com/media/FZRUtXwX0AEUyKO.jpg,""
1554226036275027969,https://twitter.com/SBF_FTX/status/1554226036275027969,Retweet,video,https://video.twimg.com/ext_tw_video/1554225376783745025/pu/vid/720x900/m7z6PVMWt0w35TPL.mp4?tag=12,""
1554225965496258561,https://twitter.com/SBF_FTX/status/1554225965496258561,Retweet,video,https://video.twimg.com/ext_tw_video/1554214395500281858/pu/vid/720x900/oUe3FkHmP6yyj59g.mp4?tag=12,""
1554146907534000129,https://twitter.com/SBF_FTX/status/1554146907534000129,Retweet,video,https://video.twimg.com/ext_tw_video/1554146119135166465/pu/vid/480x848/iSdnjwA-xxp-3swM.mp4?tag=12,""
1553462053679108096,https://twitter.com/SBF_FTX/status/1553462053679108096,Tweet,photo,https://pbs.twimg.com/media/FY8BXuxWQAA2aTE.jpg,""
1553447357064306688,https://twitter.com/SBF_FTX/status/1553447357064306688,Retweet,photo,https://pbs.twimg.com/media/FY00eBhUYAAY4U7.jpg,""
1553086308595257344,https://twitter.com/SBF_FTX/status/1553086308595257344,Retweet,photo,https://pbs.twimg.com/media/FY18J8sWIAMl-vW.jpg,""
1551385671167668224,https://twitter.com/SBF_FTX/status/1551385671167668224,Retweet,video,https://video.twimg.com/amplify_video/1551347978379505667/vid/480x852/ZSsz8Qd6fVhH5iRt.mp4?tag=14,""
1549341201748447232,https://twitter.com/SBF_FTX/status/1549341201748447232,Reply,photo,https://pbs.twimg.com/media/FYBdheAXkAEyuSB.jpg,""
1549338404319465474,https://twitter.com/SBF_FTX/status/1549338404319465474,Tweet,photo,https://pbs.twimg.com/media/FYBaSScXwAAzRTZ.jpg,""
1549199564426584064,https://twitter.com/SBF_FTX/status/1549199564426584064,Tweet,photo,https://pbs.twimg.com/media/FX_coyEXkAA3PBl.png,""
1548787067164966917,https://twitter.com/SBF_FTX/status/1548787067164966917,Retweet,photo,https://pbs.twimg.com/media/FXyO_pHVQAM8AN8.png,""
1548420557749620736,https://twitter.com/SBF_FTX/status/1548420557749620736,Retweet,photo,https://pbs.twimg.com/media/FXz773SUIAwxEUU.jpg,""
1548292392603619329,https://twitter.com/SBF_FTX/status/1548292392603619329,Reply,photo,https://pbs.twimg.com/media/FXye6czUcAIIbuM.jpg,""
1548292392603619329,https://twitter.com/SBF_FTX/status/1548292392603619329,Reply,photo,https://pbs.twimg.com/media/FXye9yfVQAAOCTR.jpg,""
1546557007401992195,https://twitter.com/SBF_FTX/status/1546557007401992195,Retweet,photo,https://pbs.twimg.com/media/FXZrjkGWQAI0gIW.jpg,""
1546513739746254849,https://twitter.com/SBF_FTX/status/1546513739746254849,Retweet,video,https://video.twimg.com/ext_tw_video/1546505498958110720/pu/vid/480x270/sMdPKif_pPqLOCO-.mp4?tag=14,""
1546211777356128256,https://twitter.com/SBF_FTX/status/1546211777356128256,Retweet,video,https://video.twimg.com/ext_tw_video/1545404518208344065/pu/vid/640x360/djFOzYw6tyGYOb_P.mp4?tag=12,""
1545082656198496256,https://twitter.com/SBF_FTX/status/1545082656198496256,Retweet,photo,https://pbs.twimg.com/media/FXERFsTWIAEQRcF.jpg,""
1545079898523373569,https://twitter.com/SBF_FTX/status/1545079898523373569,Retweet,photo,https://pbs.twimg.com/media/FXE4hWaXgAE63I7.jpg,""
1545073383418855425,https://twitter.com/SBF_FTX/status/1545073383418855425,Retweet,photo,https://pbs.twimg.com/media/FXEO0HIXgAMsrQO.jpg,""
1544846209835212800,https://twitter.com/SBF_FTX/status/1544846209835212800,Tweet,photo,https://pbs.twimg.com/media/FXBlaS3WAAAn7wc.png,""
1544813797361291265,https://twitter.com/SBF_FTX/status/1544813797361291265,Retweet,photo,https://pbs.twimg.com/media/FXAepm_WQAMTFq8.jpg,""
1544771482974289923,https://twitter.com/SBF_FTX/status/1544771482974289923,Retweet,video,https://video.twimg.com/amplify_video/1544733120179671045/vid/480x270/kXUkerFTN85XtqR9.mp4?tag=14,""
1544733974378979330,https://twitter.com/SBF_FTX/status/1544733974378979330,Retweet,video,https://video.twimg.com/amplify_video/1544725381441376258/vid/480x270/uovoP27BfDJYyXml.mp4?tag=14,""
1544496864577392643,https://twitter.com/SBF_FTX/status/1544496864577392643,Retweet,video,https://video.twimg.com/ext_tw_video/1544327981128196096/pu/vid/540x540/XkxZllYTS2sLqb59.mp4?tag=12,""
1543003143998513152,https://twitter.com/SBF_FTX/status/1543003143998513152,Reply,photo,https://pbs.twimg.com/media/FWnZKIDXoAA09wO.jpg,""
1543003143998513152,https://twitter.com/SBF_FTX/status/1543003143998513152,Reply,photo,https://pbs.twimg.com/media/FWnZKJLXoAUlBKw.jpg,""
1543003143998513152,https://twitter.com/SBF_FTX/status/1543003143998513152,Reply,photo,https://pbs.twimg.com/media/FWnZKcXXoAEYhNW.jpg,""
1543003143998513152,https://twitter.com/SBF_FTX/status/1543003143998513152,Reply,photo,https://pbs.twimg.com/media/FWnZKmxWIAA15kX.jpg,""
1543003111769399297,https://twitter.com/SBF_FTX/status/1543003111769399297,Reply,photo,https://pbs.twimg.com/media/FWnZIXcX0AIEaCW.jpg,""
1543003111769399297,https://twitter.com/SBF_FTX/status/1543003111769399297,Reply,photo,https://pbs.twimg.com/media/FWnZIYiXEAIPPt-.jpg,""
1543003111769399297,https://twitter.com/SBF_FTX/status/1543003111769399297,Reply,photo,https://pbs.twimg.com/media/FWnZI1OWYAM9am3.jpg,""
1543003111769399297,https://twitter.com/SBF_FTX/status/1543003111769399297,Reply,photo,https://pbs.twimg.com/media/FWnZIl8WIAAdJIL.jpg,""
1543003081499082754,https://twitter.com/SBF_FTX/status/1543003081499082754,Tweet,photo,https://pbs.twimg.com/media/FWnZHA4XwAAP13N.jpg,""
1543003081499082754,https://twitter.com/SBF_FTX/status/1543003081499082754,Tweet,photo,https://pbs.twimg.com/media/FWnZHApWAAENFMZ.jpg,""
1543003081499082754,https://twitter.com/SBF_FTX/status/1543003081499082754,Tweet,photo,https://pbs.twimg.com/media/FWnZHBIX0AEBoJT.jpg,""
1543003081499082754,https://twitter.com/SBF_FTX/status/1543003081499082754,Tweet,photo,https://pbs.twimg.com/media/FWnZHBfXgAY_dFH.jpg,""
1542949247607259142,https://twitter.com/SBF_FTX/status/1542949247607259142,Retweet,photo,https://pbs.twimg.com/media/FWmRQlQUYAAPam4.jpg,""
1542023558003671040,https://twitter.com/SBF_FTX/status/1542023558003671040,Reply,photo,https://pbs.twimg.com/media/FWZeOXBWAAATQZT.jpg,""
1542020319032000513,https://twitter.com/SBF_FTX/status/1542020319032000513,Tweet,photo,https://pbs.twimg.com/media/FWZbMe0XkAIxR-q.png,""
1540151991997026306,https://twitter.com/SBF_FTX/status/1540151991997026306,Retweet,video,https://video.twimg.com/ext_tw_video/1540038910763343873/pu/vid/720x960/kLScC19fTfnMdmFd.mp4?tag=12,""
1538852821180768256,https://twitter.com/SBF_FTX/status/1538852821180768256,Retweet,photo,https://pbs.twimg.com/media/FVq0ryqXEAAK32K.jpg,""
1536747440694472705,https://twitter.com/SBF_FTX/status/1536747440694472705,Quote,photo,https://pbs.twimg.com/media/FVOfWjOUEAAGeol.png,""
1535341451613294598,https://twitter.com/SBF_FTX/status/1535341451613294598,Retweet,photo,https://pbs.twimg.com/media/FU3UD5VXwAAcPpy.jpg,""
1535331694949064705,https://twitter.com/SBF_FTX/status/1535331694949064705,Retweet,photo,https://pbs.twimg.com/media/FU6PdRoX0AMmfjf.jpg,""
1534577377229037569,https://twitter.com/SBF_FTX/status/1534577377229037569,Retweet,video,https://video.twimg.com/ext_tw_video/1534571834431225857/pu/vid/640x360/Y0IyhQ2o3IqzzoGK.mp4?tag=12,""
1532699170439454720,https://twitter.com/SBF_FTX/status/1532699170439454720,Retweet,photo,https://pbs.twimg.com/media/FURWm09VEAAAkz1.jpg,""
1531606174780608513,https://twitter.com/SBF_FTX/status/1531606174780608513,Tweet,photo,https://pbs.twimg.com/media/FUFboXTWIAAxGfm.jpg,""
1531037043668701184,https://twitter.com/SBF_FTX/status/1531037043668701184,Reply,photo,https://pbs.twimg.com/media/FT9WE8RXEAAFTfw.jpg,""
1531036846926532608,https://twitter.com/SBF_FTX/status/1531036846926532608,Reply,photo,https://pbs.twimg.com/media/FT9V5gGWUAI7Hlr.jpg,""
1530032279145299979,https://twitter.com/SBF_FTX/status/1530032279145299979,Retweet,photo,https://pbs.twimg.com/media/FTh6u5ZWYAAICMt.jpg,""
1529255469864321025,https://twitter.com/SBF_FTX/status/1529255469864321025,Retweet,photo,https://pbs.twimg.com/media/FTj1OwraUAAi1H9.jpg,""
1528816243519766529,https://twitter.com/SBF_FTX/status/1528816243519766529,Retweet,photo,https://pbs.twimg.com/media/FTcN7Q6WQAABPkZ.jpg,""
1528455198217277447,https://twitter.com/SBF_FTX/status/1528455198217277447,Retweet,video,https://video.twimg.com/ext_tw_video/1528103995440566273/pu/vid/640x360/dlWW_wYbfRpqo0HS.mp4?tag=12,""
1527421858022301701,https://twitter.com/SBF_FTX/status/1527421858022301701,Retweet,photo,https://pbs.twimg.com/media/FTJnaOsWUAEaO-Z.png,""
1527369664921100288,https://twitter.com/SBF_FTX/status/1527369664921100288,Retweet,photo,https://pbs.twimg.com/media/FTJHB3jUsAY_hEx.jpg,""
1527347896714088448,https://twitter.com/SBF_FTX/status/1527347896714088448,Tweet,photo,https://pbs.twimg.com/media/FTI423lagAEHCgG.jpg,""
1526989073377812482,https://twitter.com/SBF_FTX/status/1526989073377812482,Retweet,photo,https://pbs.twimg.com/media/FTDwgTBWUAEfSDS.jpg,""
1526256307615027200,https://twitter.com/SBF_FTX/status/1526256307615027200,Tweet,photo,https://pbs.twimg.com/media/FS5Z48-XEAUlGA5.png,""
1526255412621762561,https://twitter.com/SBF_FTX/status/1526255412621762561,Retweet,video,https://video.twimg.com/ext_tw_video/1526254371322880006/pu/vid/1280x720/eQ-NgwZDRqf7QeHU.mp4?tag=12,""
1525916833748074496,https://twitter.com/SBF_FTX/status/1525916833748074496,Retweet,photo,https://pbs.twimg.com/media/FS0NzPUWIAMkPuW.png,""
1525542511963516930,https://twitter.com/SBF_FTX/status/1525542511963516930,Retweet,photo,https://pbs.twimg.com/media/FSsuIHgaQAEdd35.jpg,""
1524735282590982146,https://twitter.com/SBF_FTX/status/1524735282590982146,Retweet,photo,https://pbs.twimg.com/media/FSjv6YPXsAAqXk3.jpg,""
1524710740585766913,https://twitter.com/SBF_FTX/status/1524710740585766913,Reply,photo,https://pbs.twimg.com/media/FSjcO23WYAAyLeb.jpg,""
1524685168409288704,https://twitter.com/SBF_FTX/status/1524685168409288704,Reply,photo,https://pbs.twimg.com/media/FSjEAVIX0AAmEUn.png,""
1524214026812928000,https://twitter.com/SBF_FTX/status/1524214026812928000,Retweet,photo,https://pbs.twimg.com/media/FSb-3u0X0AAOMdG.jpg,""
1524106631256100866,https://twitter.com/SBF_FTX/status/1524106631256100866,Retweet,photo,https://pbs.twimg.com/media/FSaCaHNX0AACCpQ.jpg,""
1524106631256100866,https://twitter.com/SBF_FTX/status/1524106631256100866,Retweet,photo,https://pbs.twimg.com/media/FSaCaHPXsAMlpIf.jpg,""
1524106631256100866,https://twitter.com/SBF_FTX/status/1524106631256100866,Retweet,photo,https://pbs.twimg.com/media/FSaCaHPWYAEvhNM.jpg,""
1524088616447877120,https://twitter.com/SBF_FTX/status/1524088616447877120,Retweet,photo,https://pbs.twimg.com/media/FSaiZ-fXsAIREdQ.jpg,""
1523737598770167808,https://twitter.com/SBF_FTX/status/1523737598770167808,Retweet,photo,https://pbs.twimg.com/media/FSVVpvaWYAAVT6o.jpg,""
1522711227595698177,https://twitter.com/SBF_FTX/status/1522711227595698177,Retweet,video,https://video.twimg.com/ext_tw_video/1522709899012149254/pu/vid/1280x720/8mUMl8VB3pqeSXC0.mp4?tag=12,""
1522707251894571019,https://twitter.com/SBF_FTX/status/1522707251894571019,Retweet,photo,https://pbs.twimg.com/media/FSGhjrNUcAApsKK.jpg,""
1522669984807325698,https://twitter.com/SBF_FTX/status/1522669984807325698,Retweet,photo,https://pbs.twimg.com/media/FSGWE5iXEAI3Y8U.jpg,""
1522669110148145155,https://twitter.com/SBF_FTX/status/1522669110148145155,Retweet,photo,https://pbs.twimg.com/media/FSGZ8cIWYAQy58N.jpg,""
1522254286096318465,https://twitter.com/SBF_FTX/status/1522254286096318465,Retweet,photo,https://pbs.twimg.com/media/FR_8eYvUcAE77Mt.jpg,""
1522254074741153794,https://twitter.com/SBF_FTX/status/1522254074741153794,Retweet,photo,https://pbs.twimg.com/media/FSASpodWUAATTFa.png,Graphic announcing new partnership; FTX Digital Markets to deploy Solidus Labs crypto-native market surveillance solutions
1521533073023721472,https://twitter.com/SBF_FTX/status/1521533073023721472,Retweet,video,https://video.twimg.com/ext_tw_video/1521494997811478529/pu/vid/1280x720/kUjMmMSaCZHWeZgi.mp4?tag=12,""
1521204021574447106,https://twitter.com/SBF_FTX/status/1521204021574447106,Retweet,photo,https://pbs.twimg.com/media/FRxl8GJVIAAyb6L.jpg,""
1521204021574447106,https://twitter.com/SBF_FTX/status/1521204021574447106,Retweet,photo,https://pbs.twimg.com/media/FRxl-VxUcAACRBT.jpg,""
1520130642192654336,https://twitter.com/SBF_FTX/status/1520130642192654336,Retweet,photo,https://pbs.twimg.com/media/FRh9KVxVcAANN5p.jpg,""
1520114950181572610,https://twitter.com/SBF_FTX/status/1520114950181572610,Retweet,photo,https://pbs.twimg.com/media/FRiDp_fXIAAcPNV.jpg,""
1520084240666406916,https://twitter.com/SBF_FTX/status/1520084240666406916,Retweet,photo,https://pbs.twimg.com/media/FRhi-fjXsAIyY1e.jpg,""
1520034314452447232,https://twitter.com/SBF_FTX/status/1520034314452447232,Retweet,video,https://video.twimg.com/ext_tw_video/1519775541435547648/pu/pl/WuXC9w30QTybbMoX.m3u8?tag=12&container=fmp4,""
1519718488054681600,https://twitter.com/SBF_FTX/status/1519718488054681600,Retweet,video,https://video.twimg.com/ext_tw_video/1519717758832984066/pu/vid/640x360/wuSEt_CLjrETo9OV.mp4?tag=12,""
1519020704771018753,https://twitter.com/SBF_FTX/status/1519020704771018753,Retweet,photo,https://pbs.twimg.com/media/FRSi5xpWYAMAmVR.jpg,""
1518928339037261824,https://twitter.com/SBF_FTX/status/1518928339037261824,Reply,photo,https://pbs.twimg.com/media/FRRRJCeXIAMzT1l.jpg,""
1518685479251623936,https://twitter.com/SBF_FTX/status/1518685479251623936,Retweet,photo,https://pbs.twimg.com/media/FRNLSviXwAEbrWi.jpg,""
1518685479251623936,https://twitter.com/SBF_FTX/status/1518685479251623936,Retweet,photo,https://pbs.twimg.com/media/FRNLWZ_WYAELfDb.jpg,""
1518685479251623936,https://twitter.com/SBF_FTX/status/1518685479251623936,Retweet,photo,https://pbs.twimg.com/media/FRNLZagXoAIOr8l.jpg,""
1518685479251623936,https://twitter.com/SBF_FTX/status/1518685479251623936,Retweet,photo,https://pbs.twimg.com/media/FRNLb54XMAMqucd.jpg,""
1518603431182807042,https://twitter.com/SBF_FTX/status/1518603431182807042,Tweet,photo,https://pbs.twimg.com/media/FRMpxSMXIAEH2K8.jpg,""
1517700196943212545,https://twitter.com/SBF_FTX/status/1517700196943212545,Retweet,photo,https://pbs.twimg.com/media/FQ_R0AlWQAUfA3I.jpg,""
1517640610122981382,https://twitter.com/SBF_FTX/status/1517640610122981382,Retweet,photo,https://pbs.twimg.com/media/FQ-zIyGXoAA3XQ1.jpg,""
1517334692256702471,https://twitter.com/SBF_FTX/status/1517334692256702471,Retweet,photo,https://pbs.twimg.com/media/FQ46n13XoAANqP_.jpg,""
1517153493261320192,https://twitter.com/SBF_FTX/status/1517153493261320192,Tweet,photo,https://pbs.twimg.com/media/FQ4C8QUVEAEHfM9.jpg,""
1516501886572113936,https://twitter.com/SBF_FTX/status/1516501886572113936,Retweet,photo,https://pbs.twimg.com/media/FQufdPVX0AAuQP-.jpg,""
1516469250294177798,https://twitter.com/SBF_FTX/status/1516469250294177798,Reply,photo,https://pbs.twimg.com/media/FQuUuoGXEAE4WUx.jpg,""
1516119842746687495,https://twitter.com/SBF_FTX/status/1516119842746687495,Retweet,photo,https://pbs.twimg.com/media/FQpPmwyXIAYOkLJ.jpg,""
1516119842746687495,https://twitter.com/SBF_FTX/status/1516119842746687495,Retweet,photo,https://pbs.twimg.com/media/FQpPmwyXIAktfdi.jpg,""
1516119706410921995,https://twitter.com/SBF_FTX/status/1516119706410921995,Retweet,video,https://video.twimg.com/ext_tw_video/1516103825064710155/pu/vid/480x270/ko9c6SYqZB6N2HW_.mp4?tag=12,""
1515087490784407559,https://twitter.com/SBF_FTX/status/1515087490784407559,Retweet,photo,https://pbs.twimg.com/media/FQajmVYXsAEHMt3.jpg,""
1515056148747010049,https://twitter.com/SBF_FTX/status/1515056148747010049,Retweet,video,https://video.twimg.com/ext_tw_video/1514800240188043270/pu/vid/320x400/qgN7q1Ccv6hZoCb3.mp4?tag=12,""
1515004787120652291,https://twitter.com/SBF_FTX/status/1515004787120652291,Tweet,photo,https://pbs.twimg.com/media/FQZgd7OWQAM8lIu.jpg,""
1514764344210374660,https://twitter.com/SBF_FTX/status/1514764344210374660,Reply,photo,https://pbs.twimg.com/media/FQWCQmZWUAM9bGn.jpg,""
1514764341404438535,https://twitter.com/SBF_FTX/status/1514764341404438535,Reply,photo,https://pbs.twimg.com/media/FQWBLciXoAMzi4i.jpg,""
1514764338342604803,https://twitter.com/SBF_FTX/status/1514764338342604803,Reply,photo,https://pbs.twimg.com/media/FQWAVpFX0AI6MJC.jpg,""
1514764333032562691,https://twitter.com/SBF_FTX/status/1514764333032562691,Tweet,photo,https://pbs.twimg.com/media/FQV_cMOXIAgZCfZ.png,""
1514652236659531779,https://twitter.com/SBF_FTX/status/1514652236659531779,Retweet,photo,https://pbs.twimg.com/media/FQUSVqLX0AYOa8x.jpg,""
1514610358840815632,https://twitter.com/SBF_FTX/status/1514610358840815632,Tweet,photo,https://pbs.twimg.com/media/FQT6CkEVIAQF24A.jpg,""
1514588828153090052,https://twitter.com/SBF_FTX/status/1514588828153090052,Reply,photo,https://pbs.twimg.com/media/FQTljKUWUAcsG3m.png,""
1514426773911523334,https://twitter.com/SBF_FTX/status/1514426773911523334,Retweet,photo,https://pbs.twimg.com/media/FQROLHYVIAIkfQh.jpg,""
1514375312716533763,https://twitter.com/SBF_FTX/status/1514375312716533763,Retweet,photo,https://pbs.twimg.com/media/FQQQnJuWYAUMa6V.jpg,""
1514372528436879364,https://twitter.com/SBF_FTX/status/1514372528436879364,Retweet,photo,https://pbs.twimg.com/media/FQQUG-6VQAALv8u.png,""
1514123446426423298,https://twitter.com/SBF_FTX/status/1514123446426423298,Retweet,photo,https://pbs.twimg.com/media/FQMXVc6VkAE1QAt.jpg,""
1513957734110175236,https://twitter.com/SBF_FTX/status/1513957734110175236,Retweet,photo,https://pbs.twimg.com/media/FQKm5dVVEAIrKAX.png,""
1513933562327801858,https://twitter.com/SBF_FTX/status/1513933562327801858,Retweet,video,https://video.twimg.com/amplify_video/1513849415496347649/vid/1280x720/YcumveZrwGAxQqLH.mp4?tag=14,""
1513634713503768576,https://twitter.com/SBF_FTX/status/1513634713503768576,Tweet,photo,https://pbs.twimg.com/media/FQGCv_FXwAYYeFM.jpg,""
1512269222440845319,https://twitter.com/SBF_FTX/status/1512269222440845319,Retweet,photo,https://pbs.twimg.com/media/FPyeDZsX0AkZDlJ.jpg,""
1511365837189525506,https://twitter.com/SBF_FTX/status/1511365837189525506,Retweet,photo,https://pbs.twimg.com/media/FPlanbRXMAE1cbR.png,""
1511304237791260672,https://twitter.com/SBF_FTX/status/1511304237791260672,Retweet,photo,https://pbs.twimg.com/media/FPkm-lUXwAMcGQE.jpg,""
1511085183197401096,https://twitter.com/SBF_FTX/status/1511085183197401096,Retweet,photo,https://pbs.twimg.com/media/FPhn-dsX0Ak9wxa.jpg,""
1511038761957740547,https://twitter.com/SBF_FTX/status/1511038761957740547,Retweet,photo,https://pbs.twimg.com/media/FPgt9hhWYAY7yfb.jpg,""
1511027402989838338,https://twitter.com/SBF_FTX/status/1511027402989838338,Retweet,video,https://video.twimg.com/ext_tw_video/1510997002372399104/pu/vid/1280x720/9kH4yAZFTAk9p5HU.mp4?tag=12,""
1510982939496128525,https://twitter.com/SBF_FTX/status/1510982939496128525,Reply,photo,https://pbs.twimg.com/media/FPgW9dbWYAkXqpF.jpg,""
1510982026668748802,https://twitter.com/SBF_FTX/status/1510982026668748802,Tweet,photo,https://pbs.twimg.com/media/FPgWASTXIAA3pD8.jpg,""
1510691572245008395,https://twitter.com/SBF_FTX/status/1510691572245008395,Reply,photo,https://pbs.twimg.com/media/FPcN4dsXoAEIsqX.png,""
1510311247195082753,https://twitter.com/SBF_FTX/status/1510311247195082753,Retweet,photo,https://pbs.twimg.com/media/FPU6ZTTXwAQGhMO.jpg,""
1509948083152502788,https://twitter.com/SBF_FTX/status/1509948083152502788,Retweet,photo,https://pbs.twimg.com/media/FPRUEdsVIAAqGXI.jpg,""
1509274718452559879,https://twitter.com/SBF_FTX/status/1509274718452559879,Retweet,photo,https://pbs.twimg.com/media/FPCYfJlWYAYh4H-.jpg,""
1509206211811545094,https://twitter.com/SBF_FTX/status/1509206211811545094,Retweet,video,https://video.twimg.com/ext_tw_video/1509175062951309318/pu/vid/1280x720/1X8XNR_bgi2y9py4.mp4?tag=12,""
1508994092235116548,https://twitter.com/SBF_FTX/status/1508994092235116548,Retweet,photo,https://pbs.twimg.com/media/FPDxJPEXMAMOyaG.jpg,""
1508883033713164297,https://twitter.com/SBF_FTX/status/1508883033713164297,Retweet,video,https://video.twimg.com/ext_tw_video/1508864637437100048/pu/vid/480x270/rQRXhhC2Y4Iq9G9q.mp4?tag=12,""
1508868300285042690,https://twitter.com/SBF_FTX/status/1508868300285042690,Tweet,photo,https://pbs.twimg.com/media/FPCTbXzXMAgHnC-.png,""
1508645104319410179,https://twitter.com/SBF_FTX/status/1508645104319410179,Quote,photo,https://pbs.twimg.com/media/FO_It7mWYAAqsC6.png,""
1508644592039645189,https://twitter.com/SBF_FTX/status/1508644592039645189,Retweet,photo,https://pbs.twimg.com/media/FO--oOFXwAUQWk8.jpg,""
1508194639341367298,https://twitter.com/SBF_FTX/status/1508194639341367298,Retweet,animated_gif,https://video.twimg.com/tweet_video/FO4ptvDWQAEGFKi.mp4,Elmo Burn GIF
1507495755266891779,https://twitter.com/SBF_FTX/status/1507495755266891779,Retweet,video,https://video.twimg.com/ext_tw_video/1507491778991210500/pu/vid/1280x720/avco2H3We0oczW-3.mp4?tag=12,""
1507071534434856961,https://twitter.com/SBF_FTX/status/1507071534434856961,Retweet,photo,https://pbs.twimg.com/media/FOokx1CX0AwqqFf.jpg,""
1506926231723417602,https://twitter.com/SBF_FTX/status/1506926231723417602,Tweet,photo,https://pbs.twimg.com/media/FOmtQsDXsAEkGJ0.jpg,""
1506892146879700997,https://twitter.com/SBF_FTX/status/1506892146879700997,Retweet,photo,https://pbs.twimg.com/media/FOlaDpBWQAEbQI2.jpg,""
1506777310250377216,https://twitter.com/SBF_FTX/status/1506777310250377216,Retweet,video,https://video.twimg.com/ext_tw_video/1506739282282795011/pu/vid/480x270/R0LAVgXeb2iEfUdG.mp4?tag=12,""
1506711851404562445,https://twitter.com/SBF_FTX/status/1506711851404562445,Retweet,video,https://video.twimg.com/ext_tw_video/1506692571984187398/pu/vid/480x270/rxQVMGkebdey04e4.mp4?tag=12,""
1506389999410982923,https://twitter.com/SBF_FTX/status/1506389999410982923,Retweet,photo,https://pbs.twimg.com/media/FOeGtwOXEAgSt3V.png,""
1506389999410982923,https://twitter.com/SBF_FTX/status/1506389999410982923,Retweet,photo,https://pbs.twimg.com/media/FOeGveiWYAsCNe0.png,""
1506389999410982923,https://twitter.com/SBF_FTX/status/1506389999410982923,Retweet,photo,https://pbs.twimg.com/media/FOeGwmnXsAgJ-Be.png,""
1506305832933281792,https://twitter.com/SBF_FTX/status/1506305832933281792,Reply,photo,https://pbs.twimg.com/media/FOd4xLeXsAU_VX9.jpg,""
1506208922063056897,https://twitter.com/SBF_FTX/status/1506208922063056897,Quote,photo,https://pbs.twimg.com/media/FOchBq3XEAUCDzb.jpg,""
1506035164970954758,https://twitter.com/SBF_FTX/status/1506035164970954758,Tweet,photo,https://pbs.twimg.com/media/FOaC9PzXEAcoCE6.png,""
1505926252640845831,https://twitter.com/SBF_FTX/status/1505926252640845831,Retweet,video,https://video.twimg.com/ext_tw_video/1505906880505430019/pu/vid/640x360/i7zO144wiGRjWjQj.mp4?tag=12,""
1505615827030134786,https://twitter.com/SBF_FTX/status/1505615827030134786,Retweet,video,https://video.twimg.com/ext_tw_video/1505523843275927554/pu/vid/320x320/c--bNq5CFMRahGLZ.mp4?tag=12,""
1504876352369012739,https://twitter.com/SBF_FTX/status/1504876352369012739,Retweet,photo,https://pbs.twimg.com/media/FOJiLVPXEBEUfTU.png,""
1504870372122021891,https://twitter.com/SBF_FTX/status/1504870372122021891,Reply,photo,https://pbs.twimg.com/media/FOJewuUXIAM4N_J.jpg,""
1504869209926471704,https://twitter.com/SBF_FTX/status/1504869209926471704,Reply,photo,https://pbs.twimg.com/media/FOJQ0BeXEAg9uVy.png,""
1504869180625018881,https://twitter.com/SBF_FTX/status/1504869180625018881,Reply,photo,https://pbs.twimg.com/media/FOIo56kX0AEUxgt.png,""
1504869180625018881,https://twitter.com/SBF_FTX/status/1504869180625018881,Reply,photo,https://pbs.twimg.com/media/FOIpHu3X0AMuf62.jpg,""
1504801106253209601,https://twitter.com/SBF_FTX/status/1504801106253209601,Retweet,photo,https://pbs.twimg.com/media/FOIQJvqXsAMzNeU.png,""
1504718973811712030,https://twitter.com/SBF_FTX/status/1504718973811712030,Tweet,photo,https://pbs.twimg.com/media/FOHV7YCWUAMzvR9.jpg,""
1504534816267530263,https://twitter.com/SBF_FTX/status/1504534816267530263,Retweet,photo,https://pbs.twimg.com/media/FOEttcyVcCMTL3X.jpg,""
1504330458691166210,https://twitter.com/SBF_FTX/status/1504330458691166210,Retweet,photo,https://pbs.twimg.com/media/FOByJ5eXwAAm8r7.jpg,""
1504127352606965763,https://twitter.com/SBF_FTX/status/1504127352606965763,Retweet,photo,https://pbs.twimg.com/media/FN72lsFXEAMv8Vn.jpg,""
1503851577207148548,https://twitter.com/SBF_FTX/status/1503851577207148548,Retweet,photo,https://pbs.twimg.com/media/FN6vUvWaAAAo1sX.jpg,""
1503628551655940101,https://twitter.com/SBF_FTX/status/1503628551655940101,Reply,photo,https://pbs.twimg.com/media/FN3zAHNXMAMaMXt.jpg,""
1503471018278535174,https://twitter.com/SBF_FTX/status/1503471018278535174,Retweet,video,https://video.twimg.com/ext_tw_video/1503462952661393410/pu/vid/540x540/fTgXw0B4seNuVRX_.mp4?tag=12,""
1503162434256707584,https://twitter.com/SBF_FTX/status/1503162434256707584,Retweet,video,https://video.twimg.com/ext_tw_video/1503156820545744898/pu/vid/540x540/-ILx-r7-77b3GlAE.mp4?tag=12,""
1503027895152873482,https://twitter.com/SBF_FTX/status/1503027895152873482,Retweet,photo,https://pbs.twimg.com/media/FNvJPWhXIAgblN5.jpg,""
1503012541697507329,https://twitter.com/SBF_FTX/status/1503012541697507329,Tweet,photo,https://pbs.twimg.com/media/FNvF8CNX0AQWMqF.jpg,""
1502699675362676740,https://twitter.com/SBF_FTX/status/1502699675362676740,Retweet,video,https://video.twimg.com/amplify_video/1502339290365415426/vid/1280x720/0mmuOpKWdUgdHoBF.mp4?tag=14,""
1502483658564939777,https://twitter.com/SBF_FTX/status/1502483658564939777,Retweet,animated_gif,https://video.twimg.com/tweet_video/FNnY-JTVQAAaSe7.mp4,""
1501966605231837190,https://twitter.com/SBF_FTX/status/1501966605231837190,Quote,photo,https://pbs.twimg.com/media/FNgOop0X0AkMlEb.jpg,""
1501949587606573063,https://twitter.com/SBF_FTX/status/1501949587606573063,Quote,photo,https://pbs.twimg.com/media/FNf_IHEWYAMaf1Z.png,""
1501733174900146180,https://twitter.com/SBF_FTX/status/1501733174900146180,Retweet,photo,https://pbs.twimg.com/media/FNc1eHQXsAQ8GER.jpg,""
1501580103574294537,https://twitter.com/SBF_FTX/status/1501580103574294537,Retweet,photo,https://pbs.twimg.com/media/FNaemviXoAQOBgj.jpg,""
1501315255820951556,https://twitter.com/SBF_FTX/status/1501315255820951556,Retweet,photo,https://pbs.twimg.com/media/FNWZG4IWYAMVG0l.jpg,""
1501315255820951556,https://twitter.com/SBF_FTX/status/1501315255820951556,Retweet,photo,https://pbs.twimg.com/media/FNWZJsyVIAgJHru.jpg,""
1501315255820951556,https://twitter.com/SBF_FTX/status/1501315255820951556,Retweet,photo,https://pbs.twimg.com/media/FNWZMTsWQAkjNZp.jpg,""
1501315255820951556,https://twitter.com/SBF_FTX/status/1501315255820951556,Retweet,photo,https://pbs.twimg.com/media/FNWZOueVIAUcO_R.jpg,""
1501231528252035078,https://twitter.com/SBF_FTX/status/1501231528252035078,Tweet,photo,https://pbs.twimg.com/media/FNVx9MUWYAUAfT7.png,""
1500859621048823814,https://twitter.com/SBF_FTX/status/1500859621048823814,Retweet,animated_gif,https://video.twimg.com/tweet_video/FNPxKK9XEAEGtAR.mp4,""
1500671614526054401,https://twitter.com/SBF_FTX/status/1500671614526054401,Retweet,video,https://video.twimg.com/amplify_video/1500612963023130626/vid/1280x720/W-4LGqze4AGB-YLg.mp4?tag=14,""
1499717324672274432,https://twitter.com/SBF_FTX/status/1499717324672274432,Retweet,photo,https://pbs.twimg.com/media/FM-kykZWYBEC8J6.jpg,""
1499717324672274432,https://twitter.com/SBF_FTX/status/1499717324672274432,Retweet,photo,https://pbs.twimg.com/media/FM-kykZXsAAda7A.jpg,""
1498336926532784129,https://twitter.com/SBF_FTX/status/1498336926532784129,Tweet,photo,https://pbs.twimg.com/media/FMspLziXMAs2FbU.jpg,""
1497039549452922880,https://twitter.com/SBF_FTX/status/1497039549452922880,Tweet,photo,https://pbs.twimg.com/media/FMaNfySXsCQI02D.jpg,""
1496979746525270020,https://twitter.com/SBF_FTX/status/1496979746525270020,Reply,photo,https://pbs.twimg.com/media/FMZXGNeWYAsPj75.png,""
1496745231986790401,https://twitter.com/SBF_FTX/status/1496745231986790401,Reply,photo,https://pbs.twimg.com/media/FMV_JRtVQAAm5tZ.jpg,""
1496573876855361541,https://twitter.com/SBF_FTX/status/1496573876855361541,Retweet,photo,https://pbs.twimg.com/media/FMTiGScXIAkRfCL.jpg,""
1496534313717968898,https://twitter.com/SBF_FTX/status/1496534313717968898,Retweet,photo,https://pbs.twimg.com/media/FMS9pS2WYA4I54K.jpg,""
1496534313717968898,https://twitter.com/SBF_FTX/status/1496534313717968898,Retweet,photo,https://pbs.twimg.com/media/FMS9ps7X0AcWmJu.jpg,""
1496534313717968898,https://twitter.com/SBF_FTX/status/1496534313717968898,Retweet,photo,https://pbs.twimg.com/media/FMS9qNrXsAAKvFO.jpg,""
1496273143366885382,https://twitter.com/SBF_FTX/status/1496273143366885382,Retweet,photo,https://pbs.twimg.com/media/FMPLEYUXMAIpWdY.jpg,""
1496261038345494533,https://twitter.com/SBF_FTX/status/1496261038345494533,Retweet,video,https://video.twimg.com/amplify_video/1496233155795292171/vid/1280x720/xOwfYaj6IMHzwyZL.mp4?tag=14,""
1496161359620419590,https://twitter.com/SBF_FTX/status/1496161359620419590,Retweet,video,https://video.twimg.com/ext_tw_video/1496160156358488065/pu/pl/KsH_egOnbvFeOMEK.m3u8?tag=12&container=fmp4,""
1496156966850289673,https://twitter.com/SBF_FTX/status/1496156966850289673,Retweet,video,https://video.twimg.com/ext_tw_video/1494737822745563138/pu/vid/640x360/A2Zrxj1CllvFlUXg.mp4?tag=12,""
1494326665773674516,https://twitter.com/SBF_FTX/status/1494326665773674516,Retweet,video,https://video.twimg.com/amplify_video/1494319050188595200/vid/1280x720/y4W3_z7-Q_4kw6QD.mp4?tag=14,""
1494041531933597697,https://twitter.com/SBF_FTX/status/1494041531933597697,Retweet,photo,https://pbs.twimg.com/media/FLvTGfdXoAM7laC.jpg,""
1494041531933597697,https://twitter.com/SBF_FTX/status/1494041531933597697,Retweet,photo,https://pbs.twimg.com/media/FLvTMldXwAAiy_q.jpg,""
1494020097421291523,https://twitter.com/SBF_FTX/status/1494020097421291523,Retweet,photo,https://pbs.twimg.com/media/FLu0nLOXwAUS2pn.jpg,""
1493774405473914880,https://twitter.com/SBF_FTX/status/1493774405473914880,Retweet,photo,https://pbs.twimg.com/media/FLrtUAqVgAQcoav.jpg,""
1493732253653999618,https://twitter.com/SBF_FTX/status/1493732253653999618,Reply,photo,https://pbs.twimg.com/media/FLrL68JVUAkKMVj.png,""
1493710273911398403,https://twitter.com/SBF_FTX/status/1493710273911398403,Tweet,photo,https://pbs.twimg.com/media/FLq5kYPXMAE4o6d.jpg,""
1493429135837966336,https://twitter.com/SBF_FTX/status/1493429135837966336,Retweet,photo,https://pbs.twimg.com/media/FLlszArXoAM5rn6.jpg,""
1493359690251743246,https://twitter.com/SBF_FTX/status/1493359690251743246,Retweet,photo,https://pbs.twimg.com/media/FLl3ztKWUAMc1Ai.jpg,""
1493359651907416069,https://twitter.com/SBF_FTX/status/1493359651907416069,Retweet,photo,https://pbs.twimg.com/media/FLlWZQaUUAYoOxk.jpg,""
1493071359114502145,https://twitter.com/SBF_FTX/status/1493071359114502145,Retweet,video,https://video.twimg.com/ext_tw_video/1493054713645961219/pu/vid/488x270/LezLb-rNAX11xXIO.mp4?tag=12,""
1493030811762712576,https://twitter.com/SBF_FTX/status/1493030811762712576,Reply,photo,https://pbs.twimg.com/media/FLhPiwXVQAMYMiz.jpg,""
1493026766658539520,https://twitter.com/SBF_FTX/status/1493026766658539520,Reply,photo,https://pbs.twimg.com/media/FLhL7fSVkAIRgsn.jpg,""
1493020435830640640,https://twitter.com/SBF_FTX/status/1493020435830640640,Reply,photo,https://pbs.twimg.com/media/FLhGK5qVEAEadZJ.jpg,""
1493009629650964481,https://twitter.com/SBF_FTX/status/1493009629650964481,Reply,photo,https://pbs.twimg.com/media/FLg8V3pUYAIYIXv.jpg,""
1492995665793740802,https://twitter.com/SBF_FTX/status/1492995665793740802,Retweet,video,https://video.twimg.com/ext_tw_video/1492973056217726986/pu/pl/ZEdB846mDfOH1AcV.m3u8?tag=12&container=fmp4,""
1492994195132321793,https://twitter.com/SBF_FTX/status/1492994195132321793,Tweet,photo,https://pbs.twimg.com/media/FLguTfCVkAElL3S.jpg,""
1492994068032286720,https://twitter.com/SBF_FTX/status/1492994068032286720,Retweet,photo,https://pbs.twimg.com/media/FLgedLeVkAAC0ii.jpg,""
1492922202231951360,https://twitter.com/SBF_FTX/status/1492922202231951360,Retweet,photo,https://pbs.twimg.com/media/FLdoa6BXoAIzU6l.jpg,""
1491869528803971074,https://twitter.com/SBF_FTX/status/1491869528803971074,Retweet,photo,https://pbs.twimg.com/media/FLQh8acXMAYiEva.jpg,""
1491852766666493952,https://twitter.com/SBF_FTX/status/1491852766666493952,Retweet,animated_gif,https://video.twimg.com/tweet_video/FLQPPzcWYAoC0He.mp4,Coachella GIF
1491825253857001473,https://twitter.com/SBF_FTX/status/1491825253857001473,Retweet,video,https://video.twimg.com/ext_tw_video/1491788334170972170/pu/vid/1280x720/wkQcJ7TtqccxiAA5.mp4?tag=12,""
1491554160449409027,https://twitter.com/SBF_FTX/status/1491554160449409027,Retweet,video,https://video.twimg.com/ext_tw_video/1491502642316591107/pu/vid/1280x720/0JOCLI7vtME6HqOa.mp4?tag=12,""
1491428843760263171,https://twitter.com/SBF_FTX/status/1491428843760263171,Tweet,photo,https://pbs.twimg.com/media/FLKem1AWUAQ9yty.jpg,""
1491186558845677568,https://twitter.com/SBF_FTX/status/1491186558845677568,Retweet,video,https://video.twimg.com/ext_tw_video/1491141601028149249/pu/vid/480x270/JIRWk686j_tvoOFq.mp4?tag=12,""
1490916418900357125,https://twitter.com/SBF_FTX/status/1490916418900357125,Retweet,photo,https://pbs.twimg.com/media/FLDATzAVIBQlZ-k.jpg,""
1490130235634950148,https://twitter.com/SBF_FTX/status/1490130235634950148,Retweet,video,https://video.twimg.com/ext_tw_video/1489988603115556867/pu/vid/320x568/ePybehsuiVmhgpsU.mp4?tag=12,""
1489797391670648832,https://twitter.com/SBF_FTX/status/1489797391670648832,Retweet,photo,https://pbs.twimg.com/media/FKuMaYEVcAUFw5c.jpg,""
1488932754410524673,https://twitter.com/SBF_FTX/status/1488932754410524673,Retweet,video,https://video.twimg.com/ext_tw_video/1488920229522591745/pu/vid/540x540/ywUMNPv9uk1puTmd.mp4?tag=12,""
1488932553620918284,https://twitter.com/SBF_FTX/status/1488932553620918284,Retweet,video,https://video.twimg.com/ext_tw_video/1488919301797072900/pu/vid/1280x720/u3kLIi7TEQ1LPchz.mp4?tag=12,""
1488746173888348160,https://twitter.com/SBF_FTX/status/1488746173888348160,Retweet,photo,https://pbs.twimg.com/media/FKiOCqjXIAEBJvO.jpg,""
1488720148148142084,https://twitter.com/SBF_FTX/status/1488720148148142084,Tweet,video,https://video.twimg.com/ext_tw_video/1488717877846884355/pu/vid/640x360/5XbYOYLyk2Fbagn5.mp4?tag=12,""
1488602412663382017,https://twitter.com/SBF_FTX/status/1488602412663382017,Retweet,video,https://video.twimg.com/ext_tw_video/1488574182929539072/pu/vid/320x320/-XHlxnMkv1lbrKfd.mp4?tag=12,""
1488602396838305804,https://twitter.com/SBF_FTX/status/1488602396838305804,Retweet,video,https://video.twimg.com/ext_tw_video/1488568608003436553/pu/pl/J3ymR4jYaUnK22JI.m3u8?tag=12&container=fmp4,""
1488314427875151875,https://twitter.com/SBF_FTX/status/1488314427875151875,Retweet,photo,https://pbs.twimg.com/media/FKeF8dXXMAAmjun.jpg,""
1488251433820512258,https://twitter.com/SBF_FTX/status/1488251433820512258,Retweet,video,https://video.twimg.com/amplify_video/1488249401629978630/vid/1280x720/lby4lXj73vgpTDGO.mp4?tag=14,""
1488173802408361986,https://twitter.com/SBF_FTX/status/1488173802408361986,Retweet,video,https://video.twimg.com/ext_tw_video/1488162239651667975/pu/vid/640x360/BDg_vY6SSr-ZH1ZT.mp4?tag=12,""
1487132142333267973,https://twitter.com/SBF_FTX/status/1487132142333267973,Retweet,video,https://video.twimg.com/ext_tw_video/1487129409635053569/pu/vid/1280x720/kP64bj5Uc_K5_akz.mp4?tag=12,""
1487122847730479106,https://twitter.com/SBF_FTX/status/1487122847730479106,Retweet,video,https://video.twimg.com/ext_tw_video/1487122065970790407/pu/vid/640x360/4zGwLVK6sOLHCuzs.mp4?tag=12,""
1486755300040450050,https://twitter.com/SBF_FTX/status/1486755300040450050,Retweet,photo,https://pbs.twimg.com/media/FKH-MOOWUAQBPCC.jpg,""
1486751758911213568,https://twitter.com/SBF_FTX/status/1486751758911213568,Retweet,video,https://video.twimg.com/ext_tw_video/1486749309521518598/pu/vid/640x360/smpVGKSLSVwHiPS9.mp4?tag=12,""
1486721646463373325,https://twitter.com/SBF_FTX/status/1486721646463373325,Retweet,photo,https://pbs.twimg.com/media/FKFD4poVcAED_xL.jpg,""
1486713707199545357,https://twitter.com/SBF_FTX/status/1486713707199545357,Retweet,photo,https://pbs.twimg.com/media/FKDvQsAXIAIocSc.jpg,""
1486523376713805825,https://twitter.com/SBF_FTX/status/1486523376713805825,Retweet,video,https://video.twimg.com/amplify_video/1486410930976169993/vid/320x320/nahJ3eq3EWymd5xb.mp4?tag=14,""
1486231250692157441,https://twitter.com/SBF_FTX/status/1486231250692157441,Retweet,photo,https://pbs.twimg.com/media/FKAQg4SVEAEIgOD.png,""
1486164423215656965,https://twitter.com/SBF_FTX/status/1486164423215656965,Retweet,photo,https://pbs.twimg.com/media/FJ-_QgBXwAIpyxU.jpg,""
1486007006196649984,https://twitter.com/SBF_FTX/status/1486007006196649984,Retweet,photo,https://pbs.twimg.com/media/FJ9FJaoVUAAmx9K.jpg,""
1485687395055984644,https://twitter.com/SBF_FTX/status/1485687395055984644,Retweet,photo,https://pbs.twimg.com/media/FJ4xif7VIAMskz5.png,""
1485643356852133893,https://twitter.com/SBF_FTX/status/1485643356852133893,Retweet,photo,https://pbs.twimg.com/media/FJ4N1iLXEAELNwu.png,""
1485623344644952071,https://twitter.com/SBF_FTX/status/1485623344644952071,Retweet,photo,https://pbs.twimg.com/media/FJ324y1X0AswDmd.png,""
1484689126536454145,https://twitter.com/SBF_FTX/status/1484689126536454145,Retweet,video,https://video.twimg.com/ext_tw_video/1484688619260551171/pu/vid/480x852/siR0-_1NbHfNt7K2.mp4?tag=12,""
1484578656160825348,https://twitter.com/SBF_FTX/status/1484578656160825348,Tweet,photo,https://pbs.twimg.com/media/FJpIZ0uXIAQWBz3.png,""
1484185697380552712,https://twitter.com/SBF_FTX/status/1484185697380552712,Retweet,photo,https://pbs.twimg.com/media/FJjKe1HXEAAIHfS.png,""
1484173051092557825,https://twitter.com/SBF_FTX/status/1484173051092557825,Retweet,photo,https://pbs.twimg.com/media/FJjJE5iVkAA4yBd.jpg,""
1483961889453490177,https://twitter.com/SBF_FTX/status/1483961889453490177,Reply,photo,https://pbs.twimg.com/media/FJgU9O-XEAQZSpZ.png,""
1483961886605467649,https://twitter.com/SBF_FTX/status/1483961886605467649,Reply,photo,https://pbs.twimg.com/media/FJgUZbXXEAEEllQ.png,""
1483901282461093891,https://twitter.com/SBF_FTX/status/1483901282461093891,Retweet,photo,https://pbs.twimg.com/media/FJaXosyaAAIOqr0.jpg,""
1483808474291228684,https://twitter.com/SBF_FTX/status/1483808474291228684,Retweet,photo,https://pbs.twimg.com/media/FJdel1zVUAA5C7y.jpg,""
1483626015549231105,https://twitter.com/SBF_FTX/status/1483626015549231105,Retweet,photo,https://pbs.twimg.com/media/FJbaGmhXIAQtLFb.jpg,""
1483604358772269058,https://twitter.com/SBF_FTX/status/1483604358772269058,Retweet,video,https://video.twimg.com/ext_tw_video/1483539192281972737/pu/vid/640x360/TvWPv8iOi-oId5Mz.mp4?tag=12,""
1483201113763594243,https://twitter.com/SBF_FTX/status/1483201113763594243,Retweet,photo,https://pbs.twimg.com/media/FJVP_ryakAIYLxT.jpg,""
1482842062747799560,https://twitter.com/SBF_FTX/status/1482842062747799560,Retweet,photo,https://pbs.twimg.com/media/FJP_STsUUAIYLM4.jpg,""
1482474273402982411,https://twitter.com/SBF_FTX/status/1482474273402982411,Retweet,video,https://video.twimg.com/ext_tw_video/1482454092043763712/pu/vid/640x360/_Ws_bTbdaPWn5AQ6.mp4?tag=12,""
1482210217052065793,https://twitter.com/SBF_FTX/status/1482210217052065793,Retweet,photo,https://pbs.twimg.com/media/FJG7ZsOXMAQmcX3.jpg,""
1482210217052065793,https://twitter.com/SBF_FTX/status/1482210217052065793,Retweet,photo,https://pbs.twimg.com/media/FJG7Zs1XIAEZBX8.jpg,""
1482210217052065793,https://twitter.com/SBF_FTX/status/1482210217052065793,Retweet,photo,https://pbs.twimg.com/media/FJG7ZsPXsAEPoCt.jpg,""
1482210217052065793,https://twitter.com/SBF_FTX/status/1482210217052065793,Retweet,photo,https://pbs.twimg.com/media/FJG7Zs3WYAAxp2i.jpg,""
1482199759565864967,https://twitter.com/SBF_FTX/status/1482199759565864967,Quote,photo,https://pbs.twimg.com/media/FJHUrUAWUAkZF4i.png,""
1482197881536794628,https://twitter.com/SBF_FTX/status/1482197881536794628,Retweet,photo,https://pbs.twimg.com/media/FJG4nvuXwAQn2Qt.jpg,""
1481767731720597510,https://twitter.com/SBF_FTX/status/1481767731720597510,Retweet,photo,https://pbs.twimg.com/media/FJAvx2nWQAA839f.jpg,""
1481357825771200513,https://twitter.com/SBF_FTX/status/1481357825771200513,Retweet,photo,https://pbs.twimg.com/media/FI7EU84WYAMNK1-.jpg,""
1480951965051936772,https://twitter.com/SBF_FTX/status/1480951965051936772,Tweet,photo,https://pbs.twimg.com/media/FI1l9Y9XoAM55Qr.jpg,""
1479610048699584519,https://twitter.com/SBF_FTX/status/1479610048699584519,Retweet,video,https://video.twimg.com/ext_tw_video/1479609066246721538/pu/vid/1280x720/M_UREgDYW7F9g3LA.mp4?tag=12,""
1479541475142680579,https://twitter.com/SBF_FTX/status/1479541475142680579,Retweet,photo,https://pbs.twimg.com/media/FIcm4x3XMAoboAf.jpg,""
1479187127732776965,https://twitter.com/SBF_FTX/status/1479187127732776965,Tweet,photo,https://pbs.twimg.com/media/FIcgzSnWQAIIs-h.png,""
1479186607295143937,https://twitter.com/SBF_FTX/status/1479186607295143937,Retweet,photo,https://pbs.twimg.com/media/FIYw4xyUYAMU4Aa.jpg,""
1478949488836370437,https://twitter.com/SBF_FTX/status/1478949488836370437,Quote,photo,https://pbs.twimg.com/media/FIZItYsXwAEGlDA.jpg,""
1478942366480453635,https://twitter.com/SBF_FTX/status/1478942366480453635,Retweet,video,https://video.twimg.com/ext_tw_video/1478781336668225552/pu/pl/OCKwl5Ox7c3zYWn3.m3u8?tag=12&container=fmp4,""
1478855202165997574,https://twitter.com/SBF_FTX/status/1478855202165997574,Retweet,photo,https://pbs.twimg.com/media/FIXeK8LXoAAz4UH.jpg,""
1478849957843062788,https://twitter.com/SBF_FTX/status/1478849957843062788,Retweet,video,https://video.twimg.com/ext_tw_video/1478829133346095113/pu/vid/480x270/zDXlwYw-WOx-Yb6D.mp4?tag=12,""
1478786594647719944,https://twitter.com/SBF_FTX/status/1478786594647719944,Retweet,photo,https://pbs.twimg.com/media/FIWkJFsXoAEGU8B.jpg,""
1478205129073565698,https://twitter.com/SBF_FTX/status/1478205129073565698,Retweet,photo,https://pbs.twimg.com/media/FIOf5gaVgAEyKnu.jpg,photo of Stephen Curry
1477398203817467908,https://twitter.com/SBF_FTX/status/1477398203817467908,Retweet,photo,https://pbs.twimg.com/media/FH-9aOOVIAA0v9x.jpg,""
1477392789822398475,https://twitter.com/SBF_FTX/status/1477392789822398475,Retweet,video,https://video.twimg.com/ext_tw_video/1477359881036333059/pu/vid/540x540/ufIB0xqHjkjhhiWP.mp4?tag=12,""
1477032095021252609,https://twitter.com/SBF_FTX/status/1477032095021252609,Retweet,photo,https://pbs.twimg.com/media/FH9dIqBVcAERTp8.jpg,""
1476937418158837768,https://twitter.com/SBF_FTX/status/1476937418158837768,Retweet,photo,https://pbs.twimg.com/media/FH8e2ruVgAwR0ig.jpg,""
1476800469502734336,https://twitter.com/SBF_FTX/status/1476800469502734336,Reply,photo,https://pbs.twimg.com/media/FH6dDElXMAUO_BW.png,""
1476638627941781505,https://twitter.com/SBF_FTX/status/1476638627941781505,Retweet,photo,https://pbs.twimg.com/media/FHy8EQmXMAI75Pd.jpg,""
1476615814807756804,https://twitter.com/SBF_FTX/status/1476615814807756804,Reply,photo,https://pbs.twimg.com/media/FH3928jXsAATItY.jpg,""
1476615807295791107,https://twitter.com/SBF_FTX/status/1476615807295791107,Reply,photo,https://pbs.twimg.com/media/FH39kAAXoAMmosm.jpg,""
1476615807295791107,https://twitter.com/SBF_FTX/status/1476615807295791107,Reply,photo,https://pbs.twimg.com/media/FH39lxiWUAMNq2i.jpg,""
1476615807295791107,https://twitter.com/SBF_FTX/status/1476615807295791107,Reply,photo,https://pbs.twimg.com/media/FH39xH_WYAgRjEC.jpg,""
1476615799100133381,https://twitter.com/SBF_FTX/status/1476615799100133381,Reply,photo,https://pbs.twimg.com/media/FH383XhXEAcVPD4.jpg,""
1476615799100133381,https://twitter.com/SBF_FTX/status/1476615799100133381,Reply,photo,https://pbs.twimg.com/media/FH39BTCXEAY_zt4.jpg,""
1476615791063838723,https://twitter.com/SBF_FTX/status/1476615791063838723,Reply,photo,https://pbs.twimg.com/media/FH39dpdXMAgoaVQ.jpg,""
1476615791063838723,https://twitter.com/SBF_FTX/status/1476615791063838723,Reply,photo,https://pbs.twimg.com/media/FH39fOfXIAYD95V.jpg,""
1476615791063838723,https://twitter.com/SBF_FTX/status/1476615791063838723,Reply,photo,https://pbs.twimg.com/media/FH39gznXoAQcHl0.jpg,""
1475567126165532676,https://twitter.com/SBF_FTX/status/1475567126165532676,Tweet,photo,https://pbs.twimg.com/media/FHondEkXMAMHiPZ.png,""
1475534556396769281,https://twitter.com/SBF_FTX/status/1475534556396769281,Retweet,photo,https://pbs.twimg.com/media/FHolIwdWQAMw-RX.jpg,""
1475213730623500300,https://twitter.com/SBF_FTX/status/1475213730623500300,Retweet,photo,https://pbs.twimg.com/media/FHjyTNGWUAgF_R9.jpg,""
1474480392170262531,https://twitter.com/SBF_FTX/status/1474480392170262531,Retweet,video,https://video.twimg.com/ext_tw_video/1474477173343875072/pu/pl/Jx8l052B1zoO3tl5.m3u8?tag=12&container=fmp4,""
1473712787322978309,https://twitter.com/SBF_FTX/status/1473712787322978309,Retweet,photo,https://pbs.twimg.com/media/FHOkJf2WQAgBUTl.jpg,""
1473705040955289609,https://twitter.com/SBF_FTX/status/1473705040955289609,Retweet,photo,https://pbs.twimg.com/media/FHOWDFjWYAc7Zwx.jpg,""
1473698073004154893,https://twitter.com/SBF_FTX/status/1473698073004154893,Retweet,photo,https://pbs.twimg.com/media/FHNbwYzVcAIPJJq.jpg,""
1473413850464931840,https://twitter.com/SBF_FTX/status/1473413850464931840,Retweet,video,https://video.twimg.com/ext_tw_video/1473409775362879491/pu/vid/1280x720/xcx2-XmfUGQ0FCxu.mp4?tag=12,""
1473340534982946818,https://twitter.com/SBF_FTX/status/1473340534982946818,Reply,photo,https://pbs.twimg.com/media/FHJbJaGWYAY7XV4.jpg,""
1473340529203191816,https://twitter.com/SBF_FTX/status/1473340529203191816,Tweet,photo,https://pbs.twimg.com/media/FHJaED2XoAIbmOq.png,""
1473340529203191816,https://twitter.com/SBF_FTX/status/1473340529203191816,Tweet,photo,https://pbs.twimg.com/media/FHJaIz1WQAsd3ay.jpg,""
1472964211626201090,https://twitter.com/SBF_FTX/status/1472964211626201090,Retweet,video,https://video.twimg.com/ext_tw_video/1472942081316462594/pu/vid/640x360/LO_HJZ9pr3OTcKoE.mp4?tag=12,""
1472668522362855424,https://twitter.com/SBF_FTX/status/1472668522362855424,Retweet,photo,https://pbs.twimg.com/media/FG844xQVgAIsOzM.jpg,""
1471899591566151686,https://twitter.com/SBF_FTX/status/1471899591566151686,Retweet,photo,https://pbs.twimg.com/media/FGvJIkAVEAsU_xd.jpg,""
1471575138407796738,https://twitter.com/SBF_FTX/status/1471575138407796738,Retweet,video,https://video.twimg.com/amplify_video/1471572496147230721/vid/640x360/n4YW0EeBU5oe4meM.mp4?tag=14,""
1471575133429149696,https://twitter.com/SBF_FTX/status/1471575133429149696,Retweet,video,https://video.twimg.com/amplify_video/1471571040761524232/vid/1280x720/cV_Ooxh_fVvok_r-.mp4?tag=14,""
1471559499387396100,https://twitter.com/SBF_FTX/status/1471559499387396100,Retweet,video,https://video.twimg.com/ext_tw_video/1471556851020017665/pu/pl/ON0OV2Zk8LtkaY5t.m3u8?tag=12&container=fmp4,""
1471304433627807745,https://twitter.com/SBF_FTX/status/1471304433627807745,Tweet,photo,https://pbs.twimg.com/media/FGsfhGxXIAQct1H.jpg,""
1471276642886684675,https://twitter.com/SBF_FTX/status/1471276642886684675,Reply,photo,https://pbs.twimg.com/media/FGsGTQnXMAkGP3I.jpg,""
1470926042961530893,https://twitter.com/SBF_FTX/status/1470926042961530893,Retweet,photo,https://pbs.twimg.com/media/FGm_DrjXoAQ8Wo_.jpg,""
1470854217690718214,https://twitter.com/SBF_FTX/status/1470854217690718214,Retweet,video,https://video.twimg.com/amplify_video/1470798442784034819/vid/640x360/8AKgFOSDjSgFvEln.mp4?tag=14,""
1470849029403648004,https://twitter.com/SBF_FTX/status/1470849029403648004,Retweet,photo,https://pbs.twimg.com/media/FFYR2omXoAcDtc_.jpg,""
1470829941134700550,https://twitter.com/SBF_FTX/status/1470829941134700550,Retweet,photo,https://pbs.twimg.com/media/FGlch2XWYAU-K0j.jpg,""
1469464766699692035,https://twitter.com/SBF_FTX/status/1469464766699692035,Tweet,photo,https://pbs.twimg.com/media/FGSWZ0gXEAEJ-lQ.jpg,""
1469432212449894409,https://twitter.com/SBF_FTX/status/1469432212449894409,Reply,photo,https://pbs.twimg.com/media/FGR36JpWQAkEoVv.png,""
1469432206154215425,https://twitter.com/SBF_FTX/status/1469432206154215425,Tweet,photo,https://pbs.twimg.com/media/FGR23oBX0AIx0XW.png,""
1469415428053245953,https://twitter.com/SBF_FTX/status/1469415428053245953,Retweet,photo,https://pbs.twimg.com/media/FGQQ_hkXEAg6r-S.jpg,""
1469373688088829957,https://twitter.com/SBF_FTX/status/1469373688088829957,Tweet,photo,https://pbs.twimg.com/media/FGRDk-3XwAcg9F6.jpg,""
1469347635488251916,https://twitter.com/SBF_FTX/status/1469347635488251916,Retweet,photo,https://pbs.twimg.com/media/FGQWzE5X0AUxxGO.jpg,""
1469117207271645187,https://twitter.com/SBF_FTX/status/1469117207271645187,Retweet,photo,https://pbs.twimg.com/media/FGM6PE7VcAEa5IP.jpg,""
1469071451948998667,https://twitter.com/SBF_FTX/status/1469071451948998667,Retweet,photo,https://pbs.twimg.com/media/FGMrs_XUcAMaVmG.jpg,""
1468768385064448002,https://twitter.com/SBF_FTX/status/1468768385064448002,Tweet,photo,https://pbs.twimg.com/media/FGIdCagX0AQN-XA.jpg,""
1468688462060699657,https://twitter.com/SBF_FTX/status/1468688462060699657,Retweet,video,https://video.twimg.com/amplify_video/1468604800677806080/vid/480x270/FpTIPZaTpViZIclq.mp4?tag=14,""
1468022889765036047,https://twitter.com/SBF_FTX/status/1468022889765036047,Retweet,photo,https://pbs.twimg.com/media/FF8pAOYXoBYkmjQ.jpg,""
1468022889765036047,https://twitter.com/SBF_FTX/status/1468022889765036047,Retweet,photo,https://pbs.twimg.com/media/FF8pAN6XEAE2Mpx.jpg,""
1468022787285659649,https://twitter.com/SBF_FTX/status/1468022787285659649,Retweet,photo,https://pbs.twimg.com/media/FF8iHneX0BQee9W.jpg,""
1467271233834307588,https://twitter.com/SBF_FTX/status/1467271233834307588,Tweet,video,https://video.twimg.com/ext_tw_video/1467271093731958787/pu/vid/720x1280/5tBQClV_niJTeaKh.mp4?tag=12,""
1467207805291618307,https://twitter.com/SBF_FTX/status/1467207805291618307,Retweet,photo,https://pbs.twimg.com/media/FFnbHFrWYAATIEG.jpg,""
1466546191823302657,https://twitter.com/SBF_FTX/status/1466546191823302657,Retweet,video,https://video.twimg.com/ext_tw_video/1466489552584024069/pu/pl/5KKVbfpewE3lwB_P.m3u8?tag=12&container=fmp4,""
1466259375622963206,https://twitter.com/SBF_FTX/status/1466259375622963206,Retweet,photo,https://pbs.twimg.com/media/FFiAaQxWQAUz6Vt.jpg,""
1465764707923644428,https://twitter.com/SBF_FTX/status/1465764707923644428,Tweet,photo,https://pbs.twimg.com/media/FFdxOcuWUAAy36U.jpg,""
1465725411032248323,https://twitter.com/SBF_FTX/status/1465725411032248323,Retweet,video,https://video.twimg.com/ext_tw_video/1465705606342266887/pu/vid/1280x720/XBoPs7yjHeMgn5aX.mp4?tag=12,""
1465689024866234373,https://twitter.com/SBF_FTX/status/1465689024866234373,Retweet,photo,https://pbs.twimg.com/media/FFYr_nxWUAMa6EK.jpg,""
1465472071908139010,https://twitter.com/SBF_FTX/status/1465472071908139010,Retweet,video,https://video.twimg.com/ext_tw_video/1465464173500911617/pu/pl/onmI8Zup0vHjWsHt.m3u8?tag=12&container=fmp4,""
1465402331927924753,https://twitter.com/SBF_FTX/status/1465402331927924753,Retweet,photo,https://pbs.twimg.com/media/FFX1IQ0WUAEqaLH.jpg,""
1465392332266688525,https://twitter.com/SBF_FTX/status/1465392332266688525,Retweet,photo,https://pbs.twimg.com/media/FFYak3kXEAo0uQ0.jpg,""
1464774141794570244,https://twitter.com/SBF_FTX/status/1464774141794570244,Retweet,photo,https://pbs.twimg.com/media/FFOR5W0XoAE1A9J.jpg,""
1464483110226173959,https://twitter.com/SBF_FTX/status/1464483110226173959,Retweet,photo,https://pbs.twimg.com/media/FFLXOxMVcAIdgFj.jpg,""
1464483083437195267,https://twitter.com/SBF_FTX/status/1464483083437195267,Retweet,photo,https://pbs.twimg.com/media/FFLWVcsVcAE7Ju9.jpg,""
1464023564538023943,https://twitter.com/SBF_FTX/status/1464023564538023943,Reply,photo,https://pbs.twimg.com/media/FFFBgd0WQAIeYJw.jpg,""
1464023551212675074,https://twitter.com/SBF_FTX/status/1464023551212675074,Reply,photo,https://pbs.twimg.com/media/FFE-rabXEAULVHO.jpg,""
1464023533760258054,https://twitter.com/SBF_FTX/status/1464023533760258054,Reply,photo,https://pbs.twimg.com/media/FFE7zaYWUAcuGuZ.jpg,""
1464010226139545610,https://twitter.com/SBF_FTX/status/1464010226139545610,Retweet,animated_gif,https://video.twimg.com/tweet_video/FFEpS7tXwAIA1DB.mp4,Cup Coffee GIF
1463760048522502145,https://twitter.com/SBF_FTX/status/1463760048522502145,Retweet,photo,https://pbs.twimg.com/media/FFBOpcNXMAQCdv7.png,""
1463618120577335299,https://twitter.com/SBF_FTX/status/1463618120577335299,Retweet,photo,https://pbs.twimg.com/media/FE_OyrcXIAY58N0.jpg,""
1463206626303819780,https://twitter.com/SBF_FTX/status/1463206626303819780,Retweet,photo,https://pbs.twimg.com/media/FE5Y6nnVgAEzzq7.jpg,""
1462885931896262662,https://twitter.com/SBF_FTX/status/1462885931896262662,Retweet,video,https://video.twimg.com/ext_tw_video/1462872198742433803/pu/vid/540x540/AV2ZjSKNXT_s_O7s.mp4?tag=12,""
1462594515697639427,https://twitter.com/SBF_FTX/status/1462594515697639427,Retweet,video,https://video.twimg.com/ext_tw_video/1462588826165989376/pu/vid/320x402/V3EERhiDOnoJ2KE9.mp4?tag=12,""
1462201271717404673,https://twitter.com/SBF_FTX/status/1462201271717404673,Retweet,video,https://video.twimg.com/ext_tw_video/1462187420749864966/pu/pl/9666ovBX3v0sLpBW.m3u8?tag=12&container=fmp4,""
1462176816848855045,https://twitter.com/SBF_FTX/status/1462176816848855045,Retweet,photo,https://pbs.twimg.com/media/FEqxXkYXoAMrdFI.jpg,""
1462144948858404870,https://twitter.com/SBF_FTX/status/1462144948858404870,Retweet,photo,https://pbs.twimg.com/media/FEnirHsX0AIF3v3.jpg,""
1462144948858404870,https://twitter.com/SBF_FTX/status/1462144948858404870,Retweet,photo,https://pbs.twimg.com/media/FEnirRZXwAIYNFK.jpg,""
1462144948858404870,https://twitter.com/SBF_FTX/status/1462144948858404870,Retweet,photo,https://pbs.twimg.com/media/FEnirblWYAIwRLB.jpg,""
1462144948858404870,https://twitter.com/SBF_FTX/status/1462144948858404870,Retweet,photo,https://pbs.twimg.com/media/FEnirmaXIAA-s0C.jpg,""
1461878771640848385,https://twitter.com/SBF_FTX/status/1461878771640848385,Retweet,photo,https://pbs.twimg.com/media/FElUqujWQAApTzG.jpg,""
1461878771640848385,https://twitter.com/SBF_FTX/status/1461878771640848385,Retweet,photo,https://pbs.twimg.com/media/FElUr8nXoAccfg3.jpg,""
1461798003514163200,https://twitter.com/SBF_FTX/status/1461798003514163200,Retweet,photo,https://pbs.twimg.com/media/FElJ_o5WUAMPPYd.jpg,""
1461709871561285632,https://twitter.com/SBF_FTX/status/1461709871561285632,Tweet,photo,https://pbs.twimg.com/media/FEkJYROWUAs6D1J.png,""
1461705063475331082,https://twitter.com/SBF_FTX/status/1461705063475331082,Tweet,photo,https://pbs.twimg.com/media/FEkE6PMXoAI0Ukj.png,""
1461484001680633857,https://twitter.com/SBF_FTX/status/1461484001680633857,Retweet,photo,https://pbs.twimg.com/media/FEg71IKXwAML9ZE.jpg,""
1461415870052413440,https://twitter.com/SBF_FTX/status/1461415870052413440,Retweet,video,https://video.twimg.com/ext_tw_video/1461414338787487751/pu/pl/gdsUtNW4ICY7AszR.m3u8?tag=12&container=fmp4,""
1461396318564278279,https://twitter.com/SBF_FTX/status/1461396318564278279,Retweet,photo,https://pbs.twimg.com/media/FEfqSXGWQAQgIpv.jpg,""
1460663535256711169,https://twitter.com/SBF_FTX/status/1460663535256711169,Retweet,video,https://video.twimg.com/ext_tw_video/1460662734853480454/pu/pl/3IHufIJE7kkaJl90.m3u8?tag=12&container=fmp4,""
1460661872424796162,https://twitter.com/SBF_FTX/status/1460661872424796162,Retweet,photo,https://pbs.twimg.com/media/FEVIkeRUYAYzNY8.png,""
1460353889107165184,https://twitter.com/SBF_FTX/status/1460353889107165184,Retweet,photo,https://pbs.twimg.com/media/FEQ3F8cVkAIf1Ye.jpg,""
1460353889107165184,https://twitter.com/SBF_FTX/status/1460353889107165184,Retweet,photo,https://pbs.twimg.com/media/FEQ3F9WVgAE_iy1.jpg,""
1459996148949827596,https://twitter.com/SBF_FTX/status/1459996148949827596,Tweet,photo,https://pbs.twimg.com/media/FELyu_KXIAkjlO_.jpg,""
1459177894429790245,https://twitter.com/SBF_FTX/status/1459177894429790245,Tweet,photo,https://pbs.twimg.com/media/FEAKiyVXoAMsCcX.png,""
1459044045284597800,https://twitter.com/SBF_FTX/status/1459044045284597800,Retweet,photo,https://pbs.twimg.com/media/FD9sYOmXoAIaXTO.jpg,""
1458890486186483722,https://twitter.com/SBF_FTX/status/1458890486186483722,Retweet,photo,https://pbs.twimg.com/media/FD30ZoKXEAEHat0.jpg,""
1458887928344678405,https://twitter.com/SBF_FTX/status/1458887928344678405,Retweet,video,https://video.twimg.com/amplify_video/1458838433426595845/pl/LRd3Hq_ZeJ-kY-qN.m3u8?tag=14&container=fmp4,""
1458868602677907468,https://twitter.com/SBF_FTX/status/1458868602677907468,Retweet,photo,https://pbs.twimg.com/media/FD7JD1DXEAALg58.jpg,""
1458868602677907468,https://twitter.com/SBF_FTX/status/1458868602677907468,Retweet,photo,https://pbs.twimg.com/media/FD7JD2dXwAAsaDW.jpg,""
1458304998354395137,https://twitter.com/SBF_FTX/status/1458304998354395137,Retweet,photo,https://pbs.twimg.com/media/FDzqlQdXMAQp891.jpg,""
1458304733278609416,https://twitter.com/SBF_FTX/status/1458304733278609416,Retweet,photo,https://pbs.twimg.com/media/FDzuFOiVgAALLzi.jpg,""
1458205117862264837,https://twitter.com/SBF_FTX/status/1458205117862264837,Reply,photo,https://pbs.twimg.com/media/FDyVWyKXoAUqsn0.png,""
1458205114892800004,https://twitter.com/SBF_FTX/status/1458205114892800004,Reply,photo,https://pbs.twimg.com/media/FDyVae7XsAgc5UU.jpg,""
1458205110807453698,https://twitter.com/SBF_FTX/status/1458205110807453698,Reply,photo,https://pbs.twimg.com/media/FDyQCi6WYAAPY-g.png,""
1458205107577921538,https://twitter.com/SBF_FTX/status/1458205107577921538,Reply,photo,https://pbs.twimg.com/media/FDyPgEpWQAsuP7E.png,""
1458193204436738065,https://twitter.com/SBF_FTX/status/1458193204436738065,Retweet,photo,https://pbs.twimg.com/media/FDyJduwXsAI7peq.jpg,""
1457865317170958337,https://twitter.com/SBF_FTX/status/1457865317170958337,Retweet,photo,https://pbs.twimg.com/media/FDsLzTbVQA07VY5.jpg,""
1457819466474172418,https://twitter.com/SBF_FTX/status/1457819466474172418,Tweet,photo,https://pbs.twimg.com/media/FDs2xpTWQAQJJEn.png,""
1457818195168043014,https://twitter.com/SBF_FTX/status/1457818195168043014,Retweet,photo,https://pbs.twimg.com/media/FDswAJrUYAMhB4b.png,""
1457763132655407106,https://twitter.com/SBF_FTX/status/1457763132655407106,Retweet,photo,https://pbs.twimg.com/media/FDryYQ3XMAkyFB2.jpg,""
1456760200808083465,https://twitter.com/SBF_FTX/status/1456760200808083465,Tweet,photo,https://pbs.twimg.com/media/FDdzn9zXoAIs2r7.jpg,""
1456678808904404995,https://twitter.com/SBF_FTX/status/1456678808904404995,Retweet,video,https://video.twimg.com/amplify_video/1456657813371981834/vid/1280x720/ntpsj_7bdAZjxq7t.mp4?tag=14,""
1456678437406625792,https://twitter.com/SBF_FTX/status/1456678437406625792,Retweet,video,https://video.twimg.com/amplify_video/1456657247367360521/vid/640x360/geOeHz_P2Hg6oK_7.mp4?tag=14,""
1456678357236584464,https://twitter.com/SBF_FTX/status/1456678357236584464,Retweet,photo,https://pbs.twimg.com/media/FDb5vOCVUAgVqwt.jpg,""
1456396596409782282,https://twitter.com/SBF_FTX/status/1456396596409782282,Retweet,photo,https://pbs.twimg.com/media/FDX3PMOXoAEO6OE.jpg,""
1456327138852941824,https://twitter.com/SBF_FTX/status/1456327138852941824,Reply,photo,https://pbs.twimg.com/media/FDXo_zEXsAAESw4.jpg,""
1456327109945741315,https://twitter.com/SBF_FTX/status/1456327109945741315,Reply,photo,https://pbs.twimg.com/media/FDXg7vsXMAYipv1.png,""
1456327109945741315,https://twitter.com/SBF_FTX/status/1456327109945741315,Reply,photo,https://pbs.twimg.com/media/FDXhDFvWUAgDgvI.jpg,""
1456266395990118421,https://twitter.com/SBF_FTX/status/1456266395990118421,Retweet,photo,https://pbs.twimg.com/media/FDWkKrQWUAQl_s9.jpg,""
1456160469786431488,https://twitter.com/SBF_FTX/status/1456160469786431488,Reply,photo,https://pbs.twimg.com/media/FDVHiZZWEAEwZs3.png,""
1456160465621594116,https://twitter.com/SBF_FTX/status/1456160465621594116,Reply,photo,https://pbs.twimg.com/media/FDVGNsyXIAUvJoZ.png,""
1456160462471581698,https://twitter.com/SBF_FTX/status/1456160462471581698,Reply,photo,https://pbs.twimg.com/media/FDVFmgOX0AEO2zr.png,""
1456138913664278531,https://twitter.com/SBF_FTX/status/1456138913664278531,Retweet,video,https://video.twimg.com/ext_tw_video/1455980822666760197/pu/vid/1454x720/0Hf0KA8piKF1FXg_.mp4?tag=12,""
1455987484865675266,https://twitter.com/SBF_FTX/status/1455987484865675266,Retweet,photo,https://pbs.twimg.com/media/FDSyVGQVcAM8XAZ.png,""
1455936661129502725,https://twitter.com/SBF_FTX/status/1455936661129502725,Retweet,photo,https://pbs.twimg.com/media/FDQ-VWOUcAEW_Yh.jpg,""
1455707527795073024,https://twitter.com/SBF_FTX/status/1455707527795073024,Retweet,photo,https://pbs.twimg.com/media/FDOmAWQVUAAT9vi.jpg,""
1455583386081370117,https://twitter.com/SBF_FTX/status/1455583386081370117,Retweet,photo,https://pbs.twimg.com/media/FDMtZEzX0AArLE7.jpg,""
1455583386081370117,https://twitter.com/SBF_FTX/status/1455583386081370117,Retweet,photo,https://pbs.twimg.com/media/FDMtbRYXoAAzTnn.jpg,""
1455583371006992391,https://twitter.com/SBF_FTX/status/1455583371006992391,Retweet,photo,https://pbs.twimg.com/media/FDM8tM1X0AEmtYY.jpg,""
1455315028073238538,https://twitter.com/SBF_FTX/status/1455315028073238538,Reply,animated_gif,https://video.twimg.com/tweet_video/FDJRRjHXsAUgvqC.mp4,""
1455241434928488449,https://twitter.com/SBF_FTX/status/1455241434928488449,Retweet,photo,https://pbs.twimg.com/media/FDIG98yXsAUOMCF.jpg,""
1455233983860576258,https://twitter.com/SBF_FTX/status/1455233983860576258,Retweet,video,https://video.twimg.com/ext_tw_video/1455207591789817857/pu/vid/640x360/HrddHFgRBPhiB36X.mp4?tag=12,""
1454869976142188550,https://twitter.com/SBF_FTX/status/1454869976142188550,Retweet,photo,https://pbs.twimg.com/media/FDCzvmeXMAAnS_v.jpg,""
1454869976142188550,https://twitter.com/SBF_FTX/status/1454869976142188550,Retweet,photo,https://pbs.twimg.com/media/FDCzvlgWYAs5uC1.jpg,""
1454207025089499142,https://twitter.com/SBF_FTX/status/1454207025089499142,Tweet,photo,https://pbs.twimg.com/media/FC5hkXEXEAE0USk.jpg,""
1453865315599847428,https://twitter.com/SBF_FTX/status/1453865315599847428,Tweet,photo,https://pbs.twimg.com/media/FC0qu6tWEAEBt7H.jpg,""
1453863190555734019,https://twitter.com/SBF_FTX/status/1453863190555734019,Tweet,photo,https://pbs.twimg.com/media/FC0ozjXWUAIWh7I.png,""
1453500141781102592,https://twitter.com/SBF_FTX/status/1453500141781102592,Retweet,video,https://video.twimg.com/ext_tw_video/1453158047510142978/pu/vid/480x270/Kh2dNPYnWaFJG60e.mp4?tag=12,""
1453499536626831361,https://twitter.com/SBF_FTX/status/1453499536626831361,Retweet,video,https://video.twimg.com/amplify_video/1453452839947325449/pl/dgwa6--88W6cbKge.m3u8?tag=14&container=fmp4,""
1453426195987587073,https://twitter.com/SBF_FTX/status/1453426195987587073,Retweet,video,https://video.twimg.com/ext_tw_video/1453425580418891776/pu/vid/640x360/FI8eC3S5azlYWEwa.mp4?tag=12,""
1453180665353195529,https://twitter.com/SBF_FTX/status/1453180665353195529,Tweet,photo,https://pbs.twimg.com/media/FCq8G0lXsAI50cs.jpg,""
1453130196119433222,https://twitter.com/SBF_FTX/status/1453130196119433222,Retweet,photo,https://pbs.twimg.com/media/FCp8GngaMAAWZKw.png,""
1453049375492509699,https://twitter.com/SBF_FTX/status/1453049375492509699,Retweet,video,https://video.twimg.com/ext_tw_video/1453048387021025283/pu/pl/8yltyGJwNJhKYoDe.m3u8?tag=12&container=fmp4,""
1452711493120708615,https://twitter.com/SBF_FTX/status/1452711493120708615,Retweet,photo,https://pbs.twimg.com/media/FCkRBj6UUAEbvwO.png,""
1452694392763035660,https://twitter.com/SBF_FTX/status/1452694392763035660,Retweet,video,https://video.twimg.com/ext_tw_video/1452683323881365504/pu/vid/320x320/NNYqxZXk3RHfDRxg.mp4?tag=12,""
1452680543552905224,https://twitter.com/SBF_FTX/status/1452680543552905224,Retweet,photo,https://pbs.twimg.com/media/FCj0z4iXMAQTOeF.jpg,""
1452660128499568643,https://twitter.com/SBF_FTX/status/1452660128499568643,Retweet,photo,https://pbs.twimg.com/media/FChpV8rWEAE2YDy.jpg,""
1452660128499568643,https://twitter.com/SBF_FTX/status/1452660128499568643,Retweet,photo,https://pbs.twimg.com/media/FChpWQRWYAEByN4.jpg,""
1452660128499568643,https://twitter.com/SBF_FTX/status/1452660128499568643,Retweet,photo,https://pbs.twimg.com/media/FChpWodWYAA8O7K.jpg,""
1452660128499568643,https://twitter.com/SBF_FTX/status/1452660128499568643,Retweet,photo,https://pbs.twimg.com/media/FChpXCzXEAAKSdE.jpg,""
1452336907095093261,https://twitter.com/SBF_FTX/status/1452336907095093261,Retweet,video,https://video.twimg.com/ext_tw_video/1452317663372488713/pu/pl/A0i_ptZvNOe2vKR5.m3u8?tag=12&container=fmp4,""
1452244283013144578,https://twitter.com/SBF_FTX/status/1452244283013144578,Retweet,photo,https://pbs.twimg.com/media/FCa0_g1VUAA_IAa.jpg,""
1452018590970961921,https://twitter.com/SBF_FTX/status/1452018590970961921,Retweet,photo,https://pbs.twimg.com/media/FCaYp4SVIAEToyu.jpg,""
1451662852704673792,https://twitter.com/SBF_FTX/status/1451662852704673792,Retweet,photo,https://pbs.twimg.com/media/FCVJIQsWEAEAdQx.jpg,""
1451657531747676163,https://twitter.com/SBF_FTX/status/1451657531747676163,Retweet,photo,https://pbs.twimg.com/media/FCRKwAKWUAAmlC9.jpg,""
1451635593637679107,https://twitter.com/SBF_FTX/status/1451635593637679107,Retweet,video,https://video.twimg.com/amplify_video/1451345041474080769/vid/640x360/MqWpoW5tovHpdOTd.mp4?tag=14,""
1451535397348065288,https://twitter.com/SBF_FTX/status/1451535397348065288,Retweet,photo,https://pbs.twimg.com/media/FCTHj9yVcAAMrIr.jpg,""
1451348669614133249,https://twitter.com/SBF_FTX/status/1451348669614133249,Retweet,video,https://video.twimg.com/ext_tw_video/1451310881225203717/pu/vid/540x540/jVhF0K84U9SKzdcn.mp4?tag=12,""
1451348642439340042,https://twitter.com/SBF_FTX/status/1451348642439340042,Retweet,photo,https://pbs.twimg.com/media/FCQ5aBkX0AEPB9i.jpg,""
1451348642439340042,https://twitter.com/SBF_FTX/status/1451348642439340042,Retweet,photo,https://pbs.twimg.com/media/FCQ5aCGXsAE_YQK.jpg,""
1451348536017276930,https://twitter.com/SBF_FTX/status/1451348536017276930,Tweet,photo,https://pbs.twimg.com/media/FCQyzN9aMAAPDSG.jpg,""
1451246336632926209,https://twitter.com/SBF_FTX/status/1451246336632926209,Retweet,animated_gif,https://video.twimg.com/tweet_video/FCLjdgUVUAA-qhl.mp4,GIF by The Swoon
1451238874378801152,https://twitter.com/SBF_FTX/status/1451238874378801152,Retweet,photo,https://pbs.twimg.com/media/FCPUpkJVgAUTaz2.jpg,""
1451238874378801152,https://twitter.com/SBF_FTX/status/1451238874378801152,Retweet,photo,https://pbs.twimg.com/media/FCPUzJIVUBoYHD8.jpg,""
1451219722779996163,https://twitter.com/SBF_FTX/status/1451219722779996163,Retweet,video,https://video.twimg.com/ext_tw_video/1451217670318313477/pu/pl/6wSan5cPcaavt94y.m3u8?tag=12&container=fmp4,""
1450965679096610821,https://twitter.com/SBF_FTX/status/1450965679096610821,Retweet,photo,https://pbs.twimg.com/media/FCLUaOcWQAA3-Rx.jpg,""
1450950464099520514,https://twitter.com/SBF_FTX/status/1450950464099520514,Retweet,animated_gif,https://video.twimg.com/tweet_video/FCKhHkpXEA0pgs7.mp4,No Family Guy GIF
1450865796796801027,https://twitter.com/SBF_FTX/status/1450865796796801027,Retweet,video,https://video.twimg.com/ext_tw_video/1435397237761314817/pu/vid/640x360/LzjyeeeoyZzwjkpT.mp4?tag=12,""
1450863190628306949,https://twitter.com/SBF_FTX/status/1450863190628306949,Retweet,photo,https://pbs.twimg.com/media/FCJ1t3SX0Ass1xm.jpg,""
1450570927280902155,https://twitter.com/SBF_FTX/status/1450570927280902155,Retweet,photo,https://pbs.twimg.com/media/FCFi3EAUYAExANG.jpg,""
1450502569328091142,https://twitter.com/SBF_FTX/status/1450502569328091142,Retweet,photo,https://pbs.twimg.com/media/FCEueMgUcAMxFmk.jpg,""
1450438352503771140,https://twitter.com/SBF_FTX/status/1450438352503771140,Retweet,photo,https://pbs.twimg.com/media/FCD2R8ZXoAwuk0T.jpg,""
1450243419415121926,https://twitter.com/SBF_FTX/status/1450243419415121926,Retweet,video,https://video.twimg.com/ext_tw_video/1450239815186792450/pu/pl/g8dHUjxuc4oI2cyS.m3u8?tag=12&container=fmp4,""
1449834312556290048,https://twitter.com/SBF_FTX/status/1449834312556290048,Retweet,video,https://video.twimg.com/ext_tw_video/1449833129527627776/pu/vid/540x540/5j28GkyJLz4lu5iy.mp4?tag=12,""
1449777695487844357,https://twitter.com/SBF_FTX/status/1449777695487844357,Tweet,video,https://video.twimg.com/ext_tw_video/1449777592010162188/pu/vid/340x640/fwhZoLvTHqlJNwff.mp4?tag=12,""
1449325327357026304,https://twitter.com/SBF_FTX/status/1449325327357026304,Tweet,photo,https://pbs.twimg.com/media/FB0Js_GXMAgyUMs.jpg,""
1448761552769748996,https://twitter.com/SBF_FTX/status/1448761552769748996,Retweet,photo,https://pbs.twimg.com/media/FBoy094XMAEKpzS.jpg,""
1448217562991501315,https://twitter.com/SBF_FTX/status/1448217562991501315,Retweet,photo,https://pbs.twimg.com/media/FBkaDbAXEAMrF4P.jpg,""
1448176888648765445,https://twitter.com/SBF_FTX/status/1448176888648765445,Reply,photo,https://pbs.twimg.com/media/FBj1M9bWUAUCPMM.jpg,""
1448173145454780420,https://twitter.com/SBF_FTX/status/1448173145454780420,Retweet,photo,https://pbs.twimg.com/media/FBceahpXIAMwbKK.jpg,""
1447979265400705025,https://twitter.com/SBF_FTX/status/1447979265400705025,Retweet,photo,https://pbs.twimg.com/media/FBgeNiRWUBAXLmp.jpg,""
1447979054116843520,https://twitter.com/SBF_FTX/status/1447979054116843520,Retweet,photo,https://pbs.twimg.com/media/FBgul4XXEAApP0w.jpg,""
1446862059635871745,https://twitter.com/SBF_FTX/status/1446862059635871745,Retweet,photo,https://pbs.twimg.com/media/FBQ42BdXoAAvqLo.jpg,""
1446862059635871745,https://twitter.com/SBF_FTX/status/1446862059635871745,Retweet,photo,https://pbs.twimg.com/media/FBQ42n3XEAQ5EGj.jpg,""
1446594035448262660,https://twitter.com/SBF_FTX/status/1446594035448262660,Retweet,video,https://video.twimg.com/ext_tw_video/1446510394424455171/pu/vid/640x360/c6BkhBJkFvWtqQsm.mp4?tag=12,""
1446591406911496194,https://twitter.com/SBF_FTX/status/1446591406911496194,Retweet,photo,https://pbs.twimg.com/media/FBNACNcVUAES1_9.jpg,""
1445993612857286656,https://twitter.com/SBF_FTX/status/1445993612857286656,Reply,photo,https://pbs.twimg.com/media/FBEzhjqXMAIhpOr.jpg,""
1445993603738779650,https://twitter.com/SBF_FTX/status/1445993603738779650,Reply,photo,https://pbs.twimg.com/media/FBEzhDgX0AInUJ7.jpg,""
1445993590577115136,https://twitter.com/SBF_FTX/status/1445993590577115136,Tweet,photo,https://pbs.twimg.com/media/FBEzgNlWEAEh2Fw.jpg,""
1445931701276917767,https://twitter.com/SBF_FTX/status/1445931701276917767,Retweet,photo,https://pbs.twimg.com/media/FBDmwgFXEAA1ONK.jpg,""
1445931701276917767,https://twitter.com/SBF_FTX/status/1445931701276917767,Retweet,photo,https://pbs.twimg.com/media/FBDmwggVQAM_3pG.png,""
1445638796427489283,https://twitter.com/SBF_FTX/status/1445638796427489283,Retweet,video,https://video.twimg.com/ext_tw_video/1445511302361739265/pu/vid/640x360/bpFlPAu9OCDnaaLP.mp4?tag=12,""
1445507772603199488,https://twitter.com/SBF_FTX/status/1445507772603199488,Retweet,photo,https://pbs.twimg.com/media/FA90R9dVQAQHjLy.jpg,""
1445197915971010563,https://twitter.com/SBF_FTX/status/1445197915971010563,Retweet,video,https://video.twimg.com/ext_tw_video/1445029323191328772/pu/vid/480x270/PRUasrt3Y1gl5Bdj.mp4?tag=12,""
1445194755990765580,https://twitter.com/SBF_FTX/status/1445194755990765580,Retweet,photo,https://pbs.twimg.com/media/FA4m7h-XsAAUxGh.jpg,""
1445189058737627139,https://twitter.com/SBF_FTX/status/1445189058737627139,Retweet,photo,https://pbs.twimg.com/media/FA4ki3tXIAgM4UQ.jpg,""
1445188959408164864,https://twitter.com/SBF_FTX/status/1445188959408164864,Retweet,photo,https://pbs.twimg.com/media/FA3InfHX0AECovL.jpg,""
1442309967885705220,https://twitter.com/SBF_FTX/status/1442309967885705220,Retweet,photo,https://pbs.twimg.com/media/FAQZaOhX0AE0tQ8.jpg,""
1442223332166799361,https://twitter.com/SBF_FTX/status/1442223332166799361,Retweet,photo,https://pbs.twimg.com/media/FAN5NPeVgAIOtt7.jpg,""
1441118293276827650,https://twitter.com/SBF_FTX/status/1441118293276827650,Retweet,video,https://video.twimg.com/ext_tw_video/1441115461668651008/pu/vid/480x270/DZLC22CWzI3davs4.mp4?tag=12,""
1441105867382747142,https://twitter.com/SBF_FTX/status/1441105867382747142,Retweet,photo,https://pbs.twimg.com/media/E_-W0qLVgAkIKn3.jpg,""
1441105848344846341,https://twitter.com/SBF_FTX/status/1441105848344846341,Retweet,video,https://video.twimg.com/ext_tw_video/1441045066609397770/pu/vid/480x270/1S3fznOFx2HMJdjd.mp4?tag=12,""
1441104717220696064,https://twitter.com/SBF_FTX/status/1441104717220696064,Retweet,photo,https://pbs.twimg.com/media/E__Qjw0VIBI0JZ_.jpg,""
1441104717220696064,https://twitter.com/SBF_FTX/status/1441104717220696064,Retweet,photo,https://pbs.twimg.com/media/E__QqPsVIAI6Qqv.jpg,""
1441104717220696064,https://twitter.com/SBF_FTX/status/1441104717220696064,Retweet,photo,https://pbs.twimg.com/media/E__QtU7VQAoYjzy.jpg,""
1440683925295173639,https://twitter.com/SBF_FTX/status/1440683925295173639,Retweet,video,https://video.twimg.com/ext_tw_video/1440600192768614410/pu/vid/528x640/grgGRbMebL0h9xDe.mp4?tag=12,""
